GUT_GENOME027284_1_1	1_1
GUT_GENOME027284_1_2	1_2
GUT_GENOME027284_1_3	1_3
GUT_GENOME027284_1_4	1_4
GUT_GENOME027284_1_5	1_5
GUT_GENOME027284_1_6	1_6
GUT_GENOME027284_1_7	1_7
GUT_GENOME027284_1_8	1_8
GUT_GENOME027284_1_9	1_9
GUT_GENOME027284_1_10	1_10
GUT_GENOME027284_1_11	1_11
GUT_GENOME027284_1_12	1_12
GUT_GENOME027284_1_13	1_13
GUT_GENOME027284_1_14	1_14
GUT_GENOME027284_1_15	1_15
GUT_GENOME027284_1_16	1_16
GUT_GENOME027284_1_17	1_17
GUT_GENOME027284_1_18	1_18
GUT_GENOME027284_1_19	1_19
GUT_GENOME027284_1_20	1_20
GUT_GENOME027284_1_21	1_21
GUT_GENOME027284_1_22	1_22
GUT_GENOME027284_1_23	1_23
GUT_GENOME027284_1_24	1_24
GUT_GENOME027284_1_25	1_25
GUT_GENOME027284_1_26	1_26
GUT_GENOME027284_1_27	1_27
GUT_GENOME027284_1_28	1_28
GUT_GENOME027284_1_29	1_29
GUT_GENOME027284_1_30	1_30
GUT_GENOME027284_1_31	1_31
GUT_GENOME027284_1_32	1_32
GUT_GENOME027284_1_33	1_33
GUT_GENOME027284_1_34	1_34
GUT_GENOME027284_1_35	1_35
GUT_GENOME027284_1_36	1_36
GUT_GENOME027284_1_37	1_37
GUT_GENOME027284_1_38	1_38
GUT_GENOME027284_1_39	1_39
GUT_GENOME027284_1_40	1_40
GUT_GENOME027284_1_41	1_41
GUT_GENOME027284_1_42	1_42
GUT_GENOME027284_1_43	1_43
GUT_GENOME027284_1_44	1_44
GUT_GENOME027284_1_45	1_45
GUT_GENOME027284_1_46	1_46
GUT_GENOME027284_1_47	1_47
GUT_GENOME027284_1_48	1_48
GUT_GENOME027284_1_49	1_49
GUT_GENOME027284_1_50	1_50
GUT_GENOME027284_1_51	1_51
GUT_GENOME027284_1_52	1_52
GUT_GENOME027284_1_53	1_53
GUT_GENOME027284_1_54	1_54
GUT_GENOME027284_1_55	1_55
GUT_GENOME027284_1_56	1_56
GUT_GENOME027284_1_57	1_57
GUT_GENOME027284_1_58	1_58
GUT_GENOME027284_1_59	1_59
GUT_GENOME027284_1_60	1_60
GUT_GENOME027284_1_61	1_61
GUT_GENOME027284_1_62	1_62
GUT_GENOME027284_1_63	1_63
GUT_GENOME027284_1_64	1_64
GUT_GENOME027284_1_65	1_65
GUT_GENOME027284_1_66	1_66
GUT_GENOME027284_1_67	1_67
GUT_GENOME027284_1_68	1_68
GUT_GENOME027284_1_69	1_69
GUT_GENOME027284_1_70	1_70
GUT_GENOME027284_1_71	1_71
GUT_GENOME027284_1_72	1_72
GUT_GENOME027284_1_73	1_73
GUT_GENOME027284_1_74	1_74
GUT_GENOME027284_1_75	1_75
GUT_GENOME027284_1_76	1_76
GUT_GENOME027284_1_77	1_77
GUT_GENOME027284_1_78	1_78
GUT_GENOME027284_1_79	1_79
GUT_GENOME027284_1_80	1_80
GUT_GENOME027284_1_81	1_81
GUT_GENOME027284_1_82	1_82
GUT_GENOME027284_1_83	1_83
GUT_GENOME027284_1_84	1_84
GUT_GENOME027284_1_85	1_85
GUT_GENOME027284_1_86	1_86
GUT_GENOME027284_1_87	1_87
GUT_GENOME027284_1_88	1_88
GUT_GENOME027284_1_89	1_89
GUT_GENOME027284_1_90	1_90
GUT_GENOME027284_1_91	1_91
GUT_GENOME027284_1_92	1_92
GUT_GENOME027284_1_93	1_93
GUT_GENOME027284_1_94	1_94
GUT_GENOME027284_1_95	1_95
GUT_GENOME027284_1_96	1_96
GUT_GENOME027284_1_97	1_97
GUT_GENOME027284_1_98	1_98
GUT_GENOME027284_1_99	1_99
GUT_GENOME027284_1_100	1_100
GUT_GENOME027284_1_101	1_101
GUT_GENOME027284_1_102	1_102
GUT_GENOME027284_1_103	1_103
GUT_GENOME027284_1_104	1_104
GUT_GENOME027284_1_105	1_105
GUT_GENOME027284_1_106	1_106
GUT_GENOME027284_1_107	1_107
GUT_GENOME027284_1_108	1_108
GUT_GENOME027284_1_109	1_109
GUT_GENOME027284_1_110	1_110
GUT_GENOME027284_1_111	1_111
GUT_GENOME027284_1_112	1_112
GUT_GENOME027284_1_113	1_113
GUT_GENOME027284_1_114	1_114
GUT_GENOME027284_1_115	1_115
GUT_GENOME027284_1_116	1_116
GUT_GENOME027284_1_117	1_117
GUT_GENOME027284_1_118	1_118
GUT_GENOME027284_1_119	1_119
GUT_GENOME027284_1_120	1_120
GUT_GENOME027284_1_121	1_121
GUT_GENOME027284_1_122	1_122
GUT_GENOME027284_1_123	1_123
GUT_GENOME027284_1_124	1_124
GUT_GENOME027284_1_125	1_125
GUT_GENOME027284_1_126	1_126
GUT_GENOME027284_1_127	1_127
GUT_GENOME027284_1_128	1_128
GUT_GENOME027284_1_129	1_129
GUT_GENOME027284_1_130	1_130
GUT_GENOME027284_1_131	1_131
GUT_GENOME027284_1_132	1_132
GUT_GENOME027284_1_133	1_133
GUT_GENOME027284_1_134	1_134
GUT_GENOME027284_1_135	1_135
GUT_GENOME027284_1_136	1_136
GUT_GENOME027284_1_137	1_137
GUT_GENOME027284_1_138	1_138
GUT_GENOME027284_1_139	1_139
GUT_GENOME027284_1_140	1_140
GUT_GENOME027284_1_141	1_141
GUT_GENOME027284_1_142	1_142
GUT_GENOME027284_1_143	1_143
GUT_GENOME027284_1_144	1_144
GUT_GENOME027284_1_145	1_145
GUT_GENOME027284_1_146	1_146
GUT_GENOME027284_1_147	1_147
GUT_GENOME027284_1_148	1_148
GUT_GENOME027284_1_149	1_149
GUT_GENOME027284_1_150	1_150
GUT_GENOME027284_1_151	1_151
GUT_GENOME027284_1_152	1_152
GUT_GENOME027284_1_153	1_153
GUT_GENOME027284_1_154	1_154
GUT_GENOME027284_1_155	1_155
GUT_GENOME027284_1_156	1_156
GUT_GENOME027284_1_157	1_157
GUT_GENOME027284_1_158	1_158
GUT_GENOME027284_1_159	1_159
GUT_GENOME027284_1_160	1_160
GUT_GENOME027284_1_161	1_161
GUT_GENOME027284_1_162	1_162
GUT_GENOME027284_1_163	1_163
GUT_GENOME027284_1_164	1_164
GUT_GENOME027284_1_165	1_165
GUT_GENOME027284_1_166	1_166
GUT_GENOME027284_2_1	2_1
GUT_GENOME027284_2_2	2_2
GUT_GENOME027284_2_3	2_3
GUT_GENOME027284_2_4	2_4
GUT_GENOME027284_2_5	2_5
GUT_GENOME027284_2_6	2_6
GUT_GENOME027284_2_7	2_7
GUT_GENOME027284_2_8	2_8
GUT_GENOME027284_2_9	2_9
GUT_GENOME027284_2_10	2_10
GUT_GENOME027284_2_11	2_11
GUT_GENOME027284_2_12	2_12
GUT_GENOME027284_2_13	2_13
GUT_GENOME027284_2_14	2_14
GUT_GENOME027284_2_15	2_15
GUT_GENOME027284_2_16	2_16
GUT_GENOME027284_2_17	2_17
GUT_GENOME027284_2_18	2_18
GUT_GENOME027284_2_19	2_19
GUT_GENOME027284_2_20	2_20
GUT_GENOME027284_2_21	2_21
GUT_GENOME027284_2_22	2_22
GUT_GENOME027284_2_23	2_23
GUT_GENOME027284_2_24	2_24
GUT_GENOME027284_2_25	2_25
GUT_GENOME027284_2_26	2_26
GUT_GENOME027284_2_27	2_27
GUT_GENOME027284_2_28	2_28
GUT_GENOME027284_2_29	2_29
GUT_GENOME027284_2_30	2_30
GUT_GENOME027284_2_31	2_31
GUT_GENOME027284_2_32	2_32
GUT_GENOME027284_2_33	2_33
GUT_GENOME027284_2_34	2_34
GUT_GENOME027284_2_35	2_35
GUT_GENOME027284_2_36	2_36
GUT_GENOME027284_2_37	2_37
GUT_GENOME027284_2_38	2_38
GUT_GENOME027284_2_39	2_39
GUT_GENOME027284_2_40	2_40
GUT_GENOME027284_2_41	2_41
GUT_GENOME027284_2_42	2_42
GUT_GENOME027284_2_43	2_43
GUT_GENOME027284_2_44	2_44
GUT_GENOME027284_2_45	2_45
GUT_GENOME027284_2_46	2_46
GUT_GENOME027284_2_47	2_47
GUT_GENOME027284_2_48	2_48
GUT_GENOME027284_2_49	2_49
GUT_GENOME027284_2_50	2_50
GUT_GENOME027284_2_51	2_51
GUT_GENOME027284_2_52	2_52
GUT_GENOME027284_2_53	2_53
GUT_GENOME027284_2_54	2_54
GUT_GENOME027284_2_55	2_55
GUT_GENOME027284_2_56	2_56
GUT_GENOME027284_2_57	2_57
GUT_GENOME027284_2_58	2_58
GUT_GENOME027284_2_59	2_59
GUT_GENOME027284_2_60	2_60
GUT_GENOME027284_2_61	2_61
GUT_GENOME027284_2_62	2_62
GUT_GENOME027284_2_63	2_63
GUT_GENOME027284_2_64	2_64
GUT_GENOME027284_2_65	2_65
GUT_GENOME027284_2_66	2_66
GUT_GENOME027284_2_67	2_67
GUT_GENOME027284_2_68	2_68
GUT_GENOME027284_2_69	2_69
GUT_GENOME027284_2_70	2_70
GUT_GENOME027284_2_71	2_71
GUT_GENOME027284_2_72	2_72
GUT_GENOME027284_2_73	2_73
GUT_GENOME027284_2_74	2_74
GUT_GENOME027284_2_75	2_75
GUT_GENOME027284_2_76	2_76
GUT_GENOME027284_2_77	2_77
GUT_GENOME027284_2_78	2_78
GUT_GENOME027284_2_79	2_79
GUT_GENOME027284_2_80	2_80
GUT_GENOME027284_2_81	2_81
GUT_GENOME027284_2_82	2_82
GUT_GENOME027284_2_83	2_83
GUT_GENOME027284_2_84	2_84
GUT_GENOME027284_2_85	2_85
GUT_GENOME027284_2_86	2_86
GUT_GENOME027284_2_87	2_87
GUT_GENOME027284_2_88	2_88
GUT_GENOME027284_2_89	2_89
GUT_GENOME027284_2_90	2_90
GUT_GENOME027284_2_91	2_91
GUT_GENOME027284_2_92	2_92
GUT_GENOME027284_2_93	2_93
GUT_GENOME027284_2_94	2_94
GUT_GENOME027284_2_95	2_95
GUT_GENOME027284_2_96	2_96
GUT_GENOME027284_2_97	2_97
GUT_GENOME027284_2_98	2_98
GUT_GENOME027284_2_99	2_99
GUT_GENOME027284_2_100	2_100
GUT_GENOME027284_2_101	2_101
GUT_GENOME027284_2_102	2_102
GUT_GENOME027284_2_103	2_103
GUT_GENOME027284_2_104	2_104
GUT_GENOME027284_3_1	3_1
GUT_GENOME027284_3_2	3_2
GUT_GENOME027284_3_3	3_3
GUT_GENOME027284_3_4	3_4
GUT_GENOME027284_3_5	3_5
GUT_GENOME027284_3_6	3_6
GUT_GENOME027284_3_7	3_7
GUT_GENOME027284_3_8	3_8
GUT_GENOME027284_3_9	3_9
GUT_GENOME027284_3_10	3_10
GUT_GENOME027284_3_11	3_11
GUT_GENOME027284_3_12	3_12
GUT_GENOME027284_3_13	3_13
GUT_GENOME027284_3_14	3_14
GUT_GENOME027284_3_15	3_15
GUT_GENOME027284_3_16	3_16
GUT_GENOME027284_3_17	3_17
GUT_GENOME027284_3_18	3_18
GUT_GENOME027284_3_19	3_19
GUT_GENOME027284_3_20	3_20
GUT_GENOME027284_3_21	3_21
GUT_GENOME027284_3_22	3_22
GUT_GENOME027284_3_23	3_23
GUT_GENOME027284_3_24	3_24
GUT_GENOME027284_3_25	3_25
GUT_GENOME027284_3_26	3_26
GUT_GENOME027284_3_27	3_27
GUT_GENOME027284_3_28	3_28
GUT_GENOME027284_3_29	3_29
GUT_GENOME027284_3_30	3_30
GUT_GENOME027284_3_31	3_31
GUT_GENOME027284_3_32	3_32
GUT_GENOME027284_3_33	3_33
GUT_GENOME027284_3_34	3_34
GUT_GENOME027284_3_35	3_35
GUT_GENOME027284_3_36	3_36
GUT_GENOME027284_3_37	3_37
GUT_GENOME027284_3_38	3_38
GUT_GENOME027284_3_39	3_39
GUT_GENOME027284_3_40	3_40
GUT_GENOME027284_3_41	3_41
GUT_GENOME027284_3_42	3_42
GUT_GENOME027284_3_43	3_43
GUT_GENOME027284_3_44	3_44
GUT_GENOME027284_3_45	3_45
GUT_GENOME027284_3_46	3_46
GUT_GENOME027284_3_47	3_47
GUT_GENOME027284_3_48	3_48
GUT_GENOME027284_3_49	3_49
GUT_GENOME027284_3_50	3_50
GUT_GENOME027284_3_51	3_51
GUT_GENOME027284_3_52	3_52
GUT_GENOME027284_3_53	3_53
GUT_GENOME027284_3_54	3_54
GUT_GENOME027284_3_55	3_55
GUT_GENOME027284_3_56	3_56
GUT_GENOME027284_3_57	3_57
GUT_GENOME027284_3_58	3_58
GUT_GENOME027284_3_59	3_59
GUT_GENOME027284_3_60	3_60
GUT_GENOME027284_3_61	3_61
GUT_GENOME027284_3_62	3_62
GUT_GENOME027284_3_63	3_63
GUT_GENOME027284_3_64	3_64
GUT_GENOME027284_3_65	3_65
GUT_GENOME027284_3_66	3_66
GUT_GENOME027284_3_67	3_67
GUT_GENOME027284_3_68	3_68
GUT_GENOME027284_3_69	3_69
GUT_GENOME027284_3_70	3_70
GUT_GENOME027284_3_71	3_71
GUT_GENOME027284_3_72	3_72
GUT_GENOME027284_3_73	3_73
GUT_GENOME027284_3_74	3_74
GUT_GENOME027284_3_75	3_75
GUT_GENOME027284_3_76	3_76
GUT_GENOME027284_3_77	3_77
GUT_GENOME027284_3_78	3_78
GUT_GENOME027284_3_79	3_79
GUT_GENOME027284_3_80	3_80
GUT_GENOME027284_3_81	3_81
GUT_GENOME027284_3_82	3_82
GUT_GENOME027284_3_83	3_83
GUT_GENOME027284_3_84	3_84
GUT_GENOME027284_3_85	3_85
GUT_GENOME027284_3_86	3_86
GUT_GENOME027284_3_87	3_87
GUT_GENOME027284_3_88	3_88
GUT_GENOME027284_3_89	3_89
GUT_GENOME027284_3_90	3_90
GUT_GENOME027284_3_91	3_91
GUT_GENOME027284_3_92	3_92
GUT_GENOME027284_3_93	3_93
GUT_GENOME027284_3_94	3_94
GUT_GENOME027284_3_95	3_95
GUT_GENOME027284_3_96	3_96
GUT_GENOME027284_3_97	3_97
GUT_GENOME027284_3_98	3_98
GUT_GENOME027284_3_99	3_99
GUT_GENOME027284_3_100	3_100
GUT_GENOME027284_3_101	3_101
GUT_GENOME027284_3_102	3_102
GUT_GENOME027284_3_103	3_103
GUT_GENOME027284_3_104	3_104
GUT_GENOME027284_4_1	4_1
GUT_GENOME027284_4_2	4_2
GUT_GENOME027284_4_3	4_3
GUT_GENOME027284_4_4	4_4
GUT_GENOME027284_4_5	4_5
GUT_GENOME027284_4_6	4_6
GUT_GENOME027284_4_7	4_7
GUT_GENOME027284_4_8	4_8
GUT_GENOME027284_4_9	4_9
GUT_GENOME027284_4_10	4_10
GUT_GENOME027284_4_11	4_11
GUT_GENOME027284_4_12	4_12
GUT_GENOME027284_4_13	4_13
GUT_GENOME027284_4_14	4_14
GUT_GENOME027284_4_15	4_15
GUT_GENOME027284_4_16	4_16
GUT_GENOME027284_4_17	4_17
GUT_GENOME027284_4_18	4_18
GUT_GENOME027284_4_19	4_19
GUT_GENOME027284_4_20	4_20
GUT_GENOME027284_4_21	4_21
GUT_GENOME027284_4_22	4_22
GUT_GENOME027284_4_23	4_23
GUT_GENOME027284_4_24	4_24
GUT_GENOME027284_4_25	4_25
GUT_GENOME027284_4_26	4_26
GUT_GENOME027284_4_27	4_27
GUT_GENOME027284_4_28	4_28
GUT_GENOME027284_4_29	4_29
GUT_GENOME027284_4_30	4_30
GUT_GENOME027284_4_31	4_31
GUT_GENOME027284_4_32	4_32
GUT_GENOME027284_4_33	4_33
GUT_GENOME027284_4_34	4_34
GUT_GENOME027284_4_35	4_35
GUT_GENOME027284_4_36	4_36
GUT_GENOME027284_4_37	4_37
GUT_GENOME027284_4_38	4_38
GUT_GENOME027284_4_39	4_39
GUT_GENOME027284_4_40	4_40
GUT_GENOME027284_4_41	4_41
GUT_GENOME027284_4_42	4_42
GUT_GENOME027284_4_43	4_43
GUT_GENOME027284_4_44	4_44
GUT_GENOME027284_4_45	4_45
GUT_GENOME027284_4_46	4_46
GUT_GENOME027284_4_47	4_47
GUT_GENOME027284_4_48	4_48
GUT_GENOME027284_4_49	4_49
GUT_GENOME027284_4_50	4_50
GUT_GENOME027284_4_51	4_51
GUT_GENOME027284_4_52	4_52
GUT_GENOME027284_4_53	4_53
GUT_GENOME027284_4_54	4_54
GUT_GENOME027284_4_55	4_55
GUT_GENOME027284_4_56	4_56
GUT_GENOME027284_4_57	4_57
GUT_GENOME027284_4_58	4_58
GUT_GENOME027284_4_59	4_59
GUT_GENOME027284_4_60	4_60
GUT_GENOME027284_4_61	4_61
GUT_GENOME027284_4_62	4_62
GUT_GENOME027284_4_63	4_63
GUT_GENOME027284_4_64	4_64
GUT_GENOME027284_4_65	4_65
GUT_GENOME027284_4_66	4_66
GUT_GENOME027284_4_67	4_67
GUT_GENOME027284_4_68	4_68
GUT_GENOME027284_4_69	4_69
GUT_GENOME027284_4_70	4_70
GUT_GENOME027284_4_71	4_71
GUT_GENOME027284_4_72	4_72
GUT_GENOME027284_4_73	4_73
GUT_GENOME027284_4_74	4_74
GUT_GENOME027284_4_75	4_75
GUT_GENOME027284_4_76	4_76
GUT_GENOME027284_4_77	4_77
GUT_GENOME027284_4_78	4_78
GUT_GENOME027284_4_79	4_79
GUT_GENOME027284_4_80	4_80
GUT_GENOME027284_4_81	4_81
GUT_GENOME027284_4_82	4_82
GUT_GENOME027284_4_83	4_83
GUT_GENOME027284_4_84	4_84
GUT_GENOME027284_4_85	4_85
GUT_GENOME027284_4_86	4_86
GUT_GENOME027284_4_87	4_87
GUT_GENOME027284_4_88	4_88
GUT_GENOME027284_4_89	4_89
GUT_GENOME027284_4_90	4_90
GUT_GENOME027284_4_91	4_91
GUT_GENOME027284_4_92	4_92
GUT_GENOME027284_4_93	4_93
GUT_GENOME027284_4_94	4_94
GUT_GENOME027284_4_95	4_95
GUT_GENOME027284_4_96	4_96
GUT_GENOME027284_4_97	4_97
GUT_GENOME027284_4_98	4_98
GUT_GENOME027284_4_99	4_99
GUT_GENOME027284_4_100	4_100
GUT_GENOME027284_4_101	4_101
GUT_GENOME027284_4_102	4_102
GUT_GENOME027284_5_1	5_1
GUT_GENOME027284_5_2	5_2
GUT_GENOME027284_5_3	5_3
GUT_GENOME027284_5_4	5_4
GUT_GENOME027284_5_5	5_5
GUT_GENOME027284_5_6	5_6
GUT_GENOME027284_5_7	5_7
GUT_GENOME027284_5_8	5_8
GUT_GENOME027284_5_9	5_9
GUT_GENOME027284_5_10	5_10
GUT_GENOME027284_5_11	5_11
GUT_GENOME027284_5_12	5_12
GUT_GENOME027284_5_13	5_13
GUT_GENOME027284_5_14	5_14
GUT_GENOME027284_5_15	5_15
GUT_GENOME027284_5_16	5_16
GUT_GENOME027284_5_17	5_17
GUT_GENOME027284_5_18	5_18
GUT_GENOME027284_5_19	5_19
GUT_GENOME027284_5_20	5_20
GUT_GENOME027284_5_21	5_21
GUT_GENOME027284_5_22	5_22
GUT_GENOME027284_5_23	5_23
GUT_GENOME027284_5_24	5_24
GUT_GENOME027284_5_25	5_25
GUT_GENOME027284_5_26	5_26
GUT_GENOME027284_5_27	5_27
GUT_GENOME027284_5_28	5_28
GUT_GENOME027284_5_29	5_29
GUT_GENOME027284_5_30	5_30
GUT_GENOME027284_5_31	5_31
GUT_GENOME027284_5_32	5_32
GUT_GENOME027284_5_33	5_33
GUT_GENOME027284_5_34	5_34
GUT_GENOME027284_5_35	5_35
GUT_GENOME027284_5_36	5_36
GUT_GENOME027284_5_37	5_37
GUT_GENOME027284_5_38	5_38
GUT_GENOME027284_5_39	5_39
GUT_GENOME027284_5_40	5_40
GUT_GENOME027284_5_41	5_41
GUT_GENOME027284_5_42	5_42
GUT_GENOME027284_5_43	5_43
GUT_GENOME027284_5_44	5_44
GUT_GENOME027284_5_45	5_45
GUT_GENOME027284_5_46	5_46
GUT_GENOME027284_5_47	5_47
GUT_GENOME027284_5_48	5_48
GUT_GENOME027284_5_49	5_49
GUT_GENOME027284_5_50	5_50
GUT_GENOME027284_5_51	5_51
GUT_GENOME027284_5_52	5_52
GUT_GENOME027284_5_53	5_53
GUT_GENOME027284_5_54	5_54
GUT_GENOME027284_5_55	5_55
GUT_GENOME027284_5_56	5_56
GUT_GENOME027284_5_57	5_57
GUT_GENOME027284_5_58	5_58
GUT_GENOME027284_5_59	5_59
GUT_GENOME027284_5_60	5_60
GUT_GENOME027284_5_61	5_61
GUT_GENOME027284_5_62	5_62
GUT_GENOME027284_5_63	5_63
GUT_GENOME027284_5_64	5_64
GUT_GENOME027284_5_65	5_65
GUT_GENOME027284_5_66	5_66
GUT_GENOME027284_5_67	5_67
GUT_GENOME027284_5_68	5_68
GUT_GENOME027284_5_69	5_69
GUT_GENOME027284_5_70	5_70
GUT_GENOME027284_5_71	5_71
GUT_GENOME027284_5_72	5_72
GUT_GENOME027284_5_73	5_73
GUT_GENOME027284_5_74	5_74
GUT_GENOME027284_5_75	5_75
GUT_GENOME027284_5_76	5_76
GUT_GENOME027284_5_77	5_77
GUT_GENOME027284_5_78	5_78
GUT_GENOME027284_5_79	5_79
GUT_GENOME027284_5_80	5_80
GUT_GENOME027284_5_81	5_81
GUT_GENOME027284_5_82	5_82
GUT_GENOME027284_5_83	5_83
GUT_GENOME027284_5_84	5_84
GUT_GENOME027284_5_85	5_85
GUT_GENOME027284_5_86	5_86
GUT_GENOME027284_5_87	5_87
GUT_GENOME027284_5_88	5_88
GUT_GENOME027284_5_89	5_89
GUT_GENOME027284_5_90	5_90
GUT_GENOME027284_5_91	5_91
GUT_GENOME027284_5_92	5_92
GUT_GENOME027284_5_93	5_93
GUT_GENOME027284_5_94	5_94
GUT_GENOME027284_5_95	5_95
GUT_GENOME027284_5_96	5_96
GUT_GENOME027284_5_97	5_97
GUT_GENOME027284_5_98	5_98
GUT_GENOME027284_5_99	5_99
GUT_GENOME027284_5_100	5_100
GUT_GENOME027284_5_101	5_101
GUT_GENOME027284_5_102	5_102
GUT_GENOME027284_5_103	5_103
GUT_GENOME027284_6_1	6_1
GUT_GENOME027284_6_2	6_2
GUT_GENOME027284_6_3	6_3
GUT_GENOME027284_6_4	6_4
GUT_GENOME027284_6_5	6_5
GUT_GENOME027284_6_6	6_6
GUT_GENOME027284_6_7	6_7
GUT_GENOME027284_6_8	6_8
GUT_GENOME027284_6_9	6_9
GUT_GENOME027284_6_10	6_10
GUT_GENOME027284_6_11	6_11
GUT_GENOME027284_6_12	6_12
GUT_GENOME027284_6_13	6_13
GUT_GENOME027284_6_14	6_14
GUT_GENOME027284_6_15	6_15
GUT_GENOME027284_6_16	6_16
GUT_GENOME027284_6_17	6_17
GUT_GENOME027284_6_18	6_18
GUT_GENOME027284_6_19	6_19
GUT_GENOME027284_6_20	6_20
GUT_GENOME027284_6_21	6_21
GUT_GENOME027284_6_22	6_22
GUT_GENOME027284_6_23	6_23
GUT_GENOME027284_6_24	6_24
GUT_GENOME027284_6_25	6_25
GUT_GENOME027284_6_26	6_26
GUT_GENOME027284_6_27	6_27
GUT_GENOME027284_6_28	6_28
GUT_GENOME027284_6_29	6_29
GUT_GENOME027284_6_30	6_30
GUT_GENOME027284_6_31	6_31
GUT_GENOME027284_6_32	6_32
GUT_GENOME027284_6_33	6_33
GUT_GENOME027284_6_34	6_34
GUT_GENOME027284_6_35	6_35
GUT_GENOME027284_6_36	6_36
GUT_GENOME027284_6_37	6_37
GUT_GENOME027284_6_38	6_38
GUT_GENOME027284_6_39	6_39
GUT_GENOME027284_6_40	6_40
GUT_GENOME027284_6_41	6_41
GUT_GENOME027284_6_42	6_42
GUT_GENOME027284_6_43	6_43
GUT_GENOME027284_6_44	6_44
GUT_GENOME027284_6_45	6_45
GUT_GENOME027284_6_46	6_46
GUT_GENOME027284_6_47	6_47
GUT_GENOME027284_6_48	6_48
GUT_GENOME027284_6_49	6_49
GUT_GENOME027284_6_50	6_50
GUT_GENOME027284_6_51	6_51
GUT_GENOME027284_6_52	6_52
GUT_GENOME027284_6_53	6_53
GUT_GENOME027284_6_54	6_54
GUT_GENOME027284_6_55	6_55
GUT_GENOME027284_6_56	6_56
GUT_GENOME027284_6_57	6_57
GUT_GENOME027284_6_58	6_58
GUT_GENOME027284_6_59	6_59
GUT_GENOME027284_6_60	6_60
GUT_GENOME027284_6_61	6_61
GUT_GENOME027284_6_62	6_62
GUT_GENOME027284_6_63	6_63
GUT_GENOME027284_6_64	6_64
GUT_GENOME027284_6_65	6_65
GUT_GENOME027284_6_66	6_66
GUT_GENOME027284_6_67	6_67
GUT_GENOME027284_6_68	6_68
GUT_GENOME027284_6_69	6_69
GUT_GENOME027284_6_70	6_70
GUT_GENOME027284_6_71	6_71
GUT_GENOME027284_6_72	6_72
GUT_GENOME027284_6_73	6_73
GUT_GENOME027284_6_74	6_74
GUT_GENOME027284_6_75	6_75
GUT_GENOME027284_6_76	6_76
GUT_GENOME027284_6_77	6_77
GUT_GENOME027284_6_78	6_78
GUT_GENOME027284_6_79	6_79
GUT_GENOME027284_6_80	6_80
GUT_GENOME027284_6_81	6_81
GUT_GENOME027284_6_82	6_82
GUT_GENOME027284_6_83	6_83
GUT_GENOME027284_6_84	6_84
GUT_GENOME027284_6_85	6_85
GUT_GENOME027284_6_86	6_86
GUT_GENOME027284_6_87	6_87
GUT_GENOME027284_6_88	6_88
GUT_GENOME027284_6_89	6_89
GUT_GENOME027284_6_90	6_90
GUT_GENOME027284_6_91	6_91
GUT_GENOME027284_6_92	6_92
GUT_GENOME027284_6_93	6_93
GUT_GENOME027284_6_94	6_94
GUT_GENOME027284_6_95	6_95
GUT_GENOME027284_6_96	6_96
GUT_GENOME027284_6_97	6_97
GUT_GENOME027284_6_98	6_98
GUT_GENOME027284_6_99	6_99
GUT_GENOME027284_6_100	6_100
GUT_GENOME027284_6_101	6_101
GUT_GENOME027284_6_102	6_102
GUT_GENOME027284_6_103	6_103
GUT_GENOME027284_6_104	6_104
GUT_GENOME027284_6_105	6_105
GUT_GENOME027284_6_106	6_106
GUT_GENOME027284_6_107	6_107
GUT_GENOME027284_6_108	6_108
GUT_GENOME027284_6_109	6_109
GUT_GENOME027284_6_110	6_110
GUT_GENOME027284_6_111	6_111
GUT_GENOME027284_6_112	6_112
GUT_GENOME027284_6_113	6_113
GUT_GENOME027284_6_114	6_114
GUT_GENOME027284_6_115	6_115
GUT_GENOME027284_6_116	6_116
GUT_GENOME027284_6_117	6_117
GUT_GENOME027284_6_118	6_118
GUT_GENOME027284_6_119	6_119
GUT_GENOME027284_6_120	6_120
GUT_GENOME027284_7_1	7_1
GUT_GENOME027284_7_2	7_2
GUT_GENOME027284_7_3	7_3
GUT_GENOME027284_7_4	7_4
GUT_GENOME027284_7_5	7_5
GUT_GENOME027284_7_6	7_6
GUT_GENOME027284_7_7	7_7
GUT_GENOME027284_7_8	7_8
GUT_GENOME027284_7_9	7_9
GUT_GENOME027284_7_10	7_10
GUT_GENOME027284_7_11	7_11
GUT_GENOME027284_7_12	7_12
GUT_GENOME027284_7_13	7_13
GUT_GENOME027284_7_14	7_14
GUT_GENOME027284_7_15	7_15
GUT_GENOME027284_7_16	7_16
GUT_GENOME027284_7_17	7_17
GUT_GENOME027284_7_18	7_18
GUT_GENOME027284_7_19	7_19
GUT_GENOME027284_7_20	7_20
GUT_GENOME027284_7_21	7_21
GUT_GENOME027284_7_22	7_22
GUT_GENOME027284_7_23	7_23
GUT_GENOME027284_7_24	7_24
GUT_GENOME027284_7_25	7_25
GUT_GENOME027284_7_26	7_26
GUT_GENOME027284_7_27	7_27
GUT_GENOME027284_7_28	7_28
GUT_GENOME027284_7_29	7_29
GUT_GENOME027284_7_30	7_30
GUT_GENOME027284_7_31	7_31
GUT_GENOME027284_7_32	7_32
GUT_GENOME027284_7_33	7_33
GUT_GENOME027284_7_34	7_34
GUT_GENOME027284_7_35	7_35
GUT_GENOME027284_7_36	7_36
GUT_GENOME027284_7_37	7_37
GUT_GENOME027284_7_38	7_38
GUT_GENOME027284_7_39	7_39
GUT_GENOME027284_7_40	7_40
GUT_GENOME027284_7_41	7_41
GUT_GENOME027284_7_42	7_42
GUT_GENOME027284_7_43	7_43
GUT_GENOME027284_7_44	7_44
GUT_GENOME027284_7_45	7_45
GUT_GENOME027284_7_46	7_46
GUT_GENOME027284_7_47	7_47
GUT_GENOME027284_7_48	7_48
GUT_GENOME027284_7_49	7_49
GUT_GENOME027284_7_50	7_50
GUT_GENOME027284_7_51	7_51
GUT_GENOME027284_7_52	7_52
GUT_GENOME027284_7_53	7_53
GUT_GENOME027284_7_54	7_54
GUT_GENOME027284_7_55	7_55
GUT_GENOME027284_7_56	7_56
GUT_GENOME027284_7_57	7_57
GUT_GENOME027284_7_58	7_58
GUT_GENOME027284_7_59	7_59
GUT_GENOME027284_7_60	7_60
GUT_GENOME027284_7_61	7_61
GUT_GENOME027284_7_62	7_62
GUT_GENOME027284_7_63	7_63
GUT_GENOME027284_7_64	7_64
GUT_GENOME027284_7_65	7_65
GUT_GENOME027284_7_66	7_66
GUT_GENOME027284_7_67	7_67
GUT_GENOME027284_7_68	7_68
GUT_GENOME027284_7_69	7_69
GUT_GENOME027284_7_70	7_70
GUT_GENOME027284_7_71	7_71
GUT_GENOME027284_7_72	7_72
GUT_GENOME027284_7_73	7_73
GUT_GENOME027284_7_74	7_74
GUT_GENOME027284_7_75	7_75
GUT_GENOME027284_7_76	7_76
GUT_GENOME027284_7_77	7_77
GUT_GENOME027284_7_78	7_78
GUT_GENOME027284_7_79	7_79
GUT_GENOME027284_7_80	7_80
GUT_GENOME027284_7_81	7_81
GUT_GENOME027284_7_82	7_82
GUT_GENOME027284_7_83	7_83
GUT_GENOME027284_7_84	7_84
GUT_GENOME027284_7_85	7_85
GUT_GENOME027284_7_86	7_86
GUT_GENOME027284_7_87	7_87
GUT_GENOME027284_7_88	7_88
GUT_GENOME027284_8_1	8_1
GUT_GENOME027284_8_2	8_2
GUT_GENOME027284_8_3	8_3
GUT_GENOME027284_8_4	8_4
GUT_GENOME027284_8_5	8_5
GUT_GENOME027284_8_6	8_6
GUT_GENOME027284_8_7	8_7
GUT_GENOME027284_8_8	8_8
GUT_GENOME027284_8_9	8_9
GUT_GENOME027284_8_10	8_10
GUT_GENOME027284_8_11	8_11
GUT_GENOME027284_8_12	8_12
GUT_GENOME027284_8_13	8_13
GUT_GENOME027284_8_14	8_14
GUT_GENOME027284_8_15	8_15
GUT_GENOME027284_8_16	8_16
GUT_GENOME027284_8_17	8_17
GUT_GENOME027284_8_18	8_18
GUT_GENOME027284_8_19	8_19
GUT_GENOME027284_8_20	8_20
GUT_GENOME027284_8_21	8_21
GUT_GENOME027284_8_22	8_22
GUT_GENOME027284_8_23	8_23
GUT_GENOME027284_8_24	8_24
GUT_GENOME027284_8_25	8_25
GUT_GENOME027284_8_26	8_26
GUT_GENOME027284_8_27	8_27
GUT_GENOME027284_8_28	8_28
GUT_GENOME027284_8_29	8_29
GUT_GENOME027284_8_30	8_30
GUT_GENOME027284_8_31	8_31
GUT_GENOME027284_8_32	8_32
GUT_GENOME027284_8_33	8_33
GUT_GENOME027284_8_34	8_34
GUT_GENOME027284_8_35	8_35
GUT_GENOME027284_8_36	8_36
GUT_GENOME027284_8_37	8_37
GUT_GENOME027284_8_38	8_38
GUT_GENOME027284_8_39	8_39
GUT_GENOME027284_8_40	8_40
GUT_GENOME027284_8_41	8_41
GUT_GENOME027284_8_42	8_42
GUT_GENOME027284_8_43	8_43
GUT_GENOME027284_8_44	8_44
GUT_GENOME027284_8_45	8_45
GUT_GENOME027284_8_46	8_46
GUT_GENOME027284_8_47	8_47
GUT_GENOME027284_8_48	8_48
GUT_GENOME027284_8_49	8_49
GUT_GENOME027284_8_50	8_50
GUT_GENOME027284_8_51	8_51
GUT_GENOME027284_8_52	8_52
GUT_GENOME027284_8_53	8_53
GUT_GENOME027284_8_54	8_54
GUT_GENOME027284_8_55	8_55
GUT_GENOME027284_8_56	8_56
GUT_GENOME027284_8_57	8_57
GUT_GENOME027284_8_58	8_58
GUT_GENOME027284_8_59	8_59
GUT_GENOME027284_8_60	8_60
GUT_GENOME027284_8_61	8_61
GUT_GENOME027284_8_62	8_62
GUT_GENOME027284_8_63	8_63
GUT_GENOME027284_8_64	8_64
GUT_GENOME027284_8_65	8_65
GUT_GENOME027284_8_66	8_66
GUT_GENOME027284_8_67	8_67
GUT_GENOME027284_8_68	8_68
GUT_GENOME027284_8_69	8_69
GUT_GENOME027284_8_70	8_70
GUT_GENOME027284_8_71	8_71
GUT_GENOME027284_8_72	8_72
GUT_GENOME027284_8_73	8_73
GUT_GENOME027284_8_74	8_74
GUT_GENOME027284_8_75	8_75
GUT_GENOME027284_8_76	8_76
GUT_GENOME027284_8_77	8_77
GUT_GENOME027284_8_78	8_78
GUT_GENOME027284_8_79	8_79
GUT_GENOME027284_8_80	8_80
GUT_GENOME027284_8_81	8_81
GUT_GENOME027284_8_82	8_82
GUT_GENOME027284_8_83	8_83
GUT_GENOME027284_8_84	8_84
GUT_GENOME027284_8_85	8_85
GUT_GENOME027284_8_86	8_86
GUT_GENOME027284_8_87	8_87
GUT_GENOME027284_8_88	8_88
GUT_GENOME027284_9_1	9_1
GUT_GENOME027284_9_2	9_2
GUT_GENOME027284_9_3	9_3
GUT_GENOME027284_9_4	9_4
GUT_GENOME027284_9_5	9_5
GUT_GENOME027284_9_6	9_6
GUT_GENOME027284_9_7	9_7
GUT_GENOME027284_9_8	9_8
GUT_GENOME027284_9_9	9_9
GUT_GENOME027284_9_10	9_10
GUT_GENOME027284_9_11	9_11
GUT_GENOME027284_9_12	9_12
GUT_GENOME027284_9_13	9_13
GUT_GENOME027284_9_14	9_14
GUT_GENOME027284_9_15	9_15
GUT_GENOME027284_9_16	9_16
GUT_GENOME027284_9_17	9_17
GUT_GENOME027284_9_18	9_18
GUT_GENOME027284_9_19	9_19
GUT_GENOME027284_9_20	9_20
GUT_GENOME027284_9_21	9_21
GUT_GENOME027284_9_22	9_22
GUT_GENOME027284_9_23	9_23
GUT_GENOME027284_9_24	9_24
GUT_GENOME027284_9_25	9_25
GUT_GENOME027284_9_26	9_26
GUT_GENOME027284_9_27	9_27
GUT_GENOME027284_9_28	9_28
GUT_GENOME027284_9_29	9_29
GUT_GENOME027284_9_30	9_30
GUT_GENOME027284_9_31	9_31
GUT_GENOME027284_9_32	9_32
GUT_GENOME027284_9_33	9_33
GUT_GENOME027284_9_34	9_34
GUT_GENOME027284_9_35	9_35
GUT_GENOME027284_9_36	9_36
GUT_GENOME027284_9_37	9_37
GUT_GENOME027284_9_38	9_38
GUT_GENOME027284_9_39	9_39
GUT_GENOME027284_9_40	9_40
GUT_GENOME027284_9_41	9_41
GUT_GENOME027284_9_42	9_42
GUT_GENOME027284_9_43	9_43
GUT_GENOME027284_9_44	9_44
GUT_GENOME027284_9_45	9_45
GUT_GENOME027284_9_46	9_46
GUT_GENOME027284_9_47	9_47
GUT_GENOME027284_9_48	9_48
GUT_GENOME027284_9_49	9_49
GUT_GENOME027284_9_50	9_50
GUT_GENOME027284_9_51	9_51
GUT_GENOME027284_9_52	9_52
GUT_GENOME027284_9_53	9_53
GUT_GENOME027284_9_54	9_54
GUT_GENOME027284_9_55	9_55
GUT_GENOME027284_9_56	9_56
GUT_GENOME027284_9_57	9_57
GUT_GENOME027284_9_58	9_58
GUT_GENOME027284_9_59	9_59
GUT_GENOME027284_9_60	9_60
GUT_GENOME027284_9_61	9_61
GUT_GENOME027284_9_62	9_62
GUT_GENOME027284_9_63	9_63
GUT_GENOME027284_9_64	9_64
GUT_GENOME027284_9_65	9_65
GUT_GENOME027284_9_66	9_66
GUT_GENOME027284_9_67	9_67
GUT_GENOME027284_9_68	9_68
GUT_GENOME027284_9_69	9_69
GUT_GENOME027284_9_70	9_70
GUT_GENOME027284_9_71	9_71
GUT_GENOME027284_9_72	9_72
GUT_GENOME027284_9_73	9_73
GUT_GENOME027284_9_74	9_74
GUT_GENOME027284_9_75	9_75
GUT_GENOME027284_9_76	9_76
GUT_GENOME027284_9_77	9_77
GUT_GENOME027284_10_1	10_1
GUT_GENOME027284_10_2	10_2
GUT_GENOME027284_10_3	10_3
GUT_GENOME027284_10_4	10_4
GUT_GENOME027284_10_5	10_5
GUT_GENOME027284_10_6	10_6
GUT_GENOME027284_10_7	10_7
GUT_GENOME027284_10_8	10_8
GUT_GENOME027284_10_9	10_9
GUT_GENOME027284_10_10	10_10
GUT_GENOME027284_10_11	10_11
GUT_GENOME027284_10_12	10_12
GUT_GENOME027284_10_13	10_13
GUT_GENOME027284_10_14	10_14
GUT_GENOME027284_10_15	10_15
GUT_GENOME027284_10_16	10_16
GUT_GENOME027284_10_17	10_17
GUT_GENOME027284_10_18	10_18
GUT_GENOME027284_10_19	10_19
GUT_GENOME027284_10_20	10_20
GUT_GENOME027284_10_21	10_21
GUT_GENOME027284_10_22	10_22
GUT_GENOME027284_10_23	10_23
GUT_GENOME027284_10_24	10_24
GUT_GENOME027284_10_25	10_25
GUT_GENOME027284_10_26	10_26
GUT_GENOME027284_10_27	10_27
GUT_GENOME027284_10_28	10_28
GUT_GENOME027284_10_29	10_29
GUT_GENOME027284_10_30	10_30
GUT_GENOME027284_10_31	10_31
GUT_GENOME027284_10_32	10_32
GUT_GENOME027284_10_33	10_33
GUT_GENOME027284_10_34	10_34
GUT_GENOME027284_10_35	10_35
GUT_GENOME027284_10_36	10_36
GUT_GENOME027284_10_37	10_37
GUT_GENOME027284_10_38	10_38
GUT_GENOME027284_10_39	10_39
GUT_GENOME027284_10_40	10_40
GUT_GENOME027284_10_41	10_41
GUT_GENOME027284_10_42	10_42
GUT_GENOME027284_10_43	10_43
GUT_GENOME027284_10_44	10_44
GUT_GENOME027284_10_45	10_45
GUT_GENOME027284_10_46	10_46
GUT_GENOME027284_10_47	10_47
GUT_GENOME027284_10_48	10_48
GUT_GENOME027284_10_49	10_49
GUT_GENOME027284_10_50	10_50
GUT_GENOME027284_10_51	10_51
GUT_GENOME027284_10_52	10_52
GUT_GENOME027284_10_53	10_53
GUT_GENOME027284_10_54	10_54
GUT_GENOME027284_10_55	10_55
GUT_GENOME027284_10_56	10_56
GUT_GENOME027284_10_57	10_57
GUT_GENOME027284_10_58	10_58
GUT_GENOME027284_10_59	10_59
GUT_GENOME027284_10_60	10_60
GUT_GENOME027284_10_61	10_61
GUT_GENOME027284_10_62	10_62
GUT_GENOME027284_10_63	10_63
GUT_GENOME027284_10_64	10_64
GUT_GENOME027284_10_65	10_65
GUT_GENOME027284_10_66	10_66
GUT_GENOME027284_10_67	10_67
GUT_GENOME027284_10_68	10_68
GUT_GENOME027284_10_69	10_69
GUT_GENOME027284_10_70	10_70
GUT_GENOME027284_11_1	11_1
GUT_GENOME027284_11_2	11_2
GUT_GENOME027284_11_3	11_3
GUT_GENOME027284_11_4	11_4
GUT_GENOME027284_11_5	11_5
GUT_GENOME027284_11_6	11_6
GUT_GENOME027284_11_7	11_7
GUT_GENOME027284_11_8	11_8
GUT_GENOME027284_11_9	11_9
GUT_GENOME027284_11_10	11_10
GUT_GENOME027284_11_11	11_11
GUT_GENOME027284_11_12	11_12
GUT_GENOME027284_11_13	11_13
GUT_GENOME027284_11_14	11_14
GUT_GENOME027284_11_15	11_15
GUT_GENOME027284_11_16	11_16
GUT_GENOME027284_11_17	11_17
GUT_GENOME027284_11_18	11_18
GUT_GENOME027284_11_19	11_19
GUT_GENOME027284_11_20	11_20
GUT_GENOME027284_11_21	11_21
GUT_GENOME027284_11_22	11_22
GUT_GENOME027284_11_23	11_23
GUT_GENOME027284_11_24	11_24
GUT_GENOME027284_11_25	11_25
GUT_GENOME027284_11_26	11_26
GUT_GENOME027284_11_27	11_27
GUT_GENOME027284_11_28	11_28
GUT_GENOME027284_11_29	11_29
GUT_GENOME027284_11_30	11_30
GUT_GENOME027284_11_31	11_31
GUT_GENOME027284_11_32	11_32
GUT_GENOME027284_11_33	11_33
GUT_GENOME027284_11_34	11_34
GUT_GENOME027284_11_35	11_35
GUT_GENOME027284_11_36	11_36
GUT_GENOME027284_11_37	11_37
GUT_GENOME027284_11_38	11_38
GUT_GENOME027284_11_39	11_39
GUT_GENOME027284_11_40	11_40
GUT_GENOME027284_11_41	11_41
GUT_GENOME027284_11_42	11_42
GUT_GENOME027284_11_43	11_43
GUT_GENOME027284_11_44	11_44
GUT_GENOME027284_11_45	11_45
GUT_GENOME027284_11_46	11_46
GUT_GENOME027284_11_47	11_47
GUT_GENOME027284_11_48	11_48
GUT_GENOME027284_11_49	11_49
GUT_GENOME027284_11_50	11_50
GUT_GENOME027284_11_51	11_51
GUT_GENOME027284_11_52	11_52
GUT_GENOME027284_11_53	11_53
GUT_GENOME027284_11_54	11_54
GUT_GENOME027284_11_55	11_55
GUT_GENOME027284_11_56	11_56
GUT_GENOME027284_11_57	11_57
GUT_GENOME027284_11_58	11_58
GUT_GENOME027284_11_59	11_59
GUT_GENOME027284_11_60	11_60
GUT_GENOME027284_11_61	11_61
GUT_GENOME027284_11_62	11_62
GUT_GENOME027284_11_63	11_63
GUT_GENOME027284_11_64	11_64
GUT_GENOME027284_11_65	11_65
GUT_GENOME027284_11_66	11_66
GUT_GENOME027284_11_67	11_67
GUT_GENOME027284_11_68	11_68
GUT_GENOME027284_11_69	11_69
GUT_GENOME027284_11_70	11_70
GUT_GENOME027284_11_71	11_71
GUT_GENOME027284_11_72	11_72
GUT_GENOME027284_12_1	12_1
GUT_GENOME027284_12_2	12_2
GUT_GENOME027284_12_3	12_3
GUT_GENOME027284_12_4	12_4
GUT_GENOME027284_12_5	12_5
GUT_GENOME027284_12_6	12_6
GUT_GENOME027284_12_7	12_7
GUT_GENOME027284_12_8	12_8
GUT_GENOME027284_12_9	12_9
GUT_GENOME027284_12_10	12_10
GUT_GENOME027284_12_11	12_11
GUT_GENOME027284_12_12	12_12
GUT_GENOME027284_12_13	12_13
GUT_GENOME027284_12_14	12_14
GUT_GENOME027284_12_15	12_15
GUT_GENOME027284_12_16	12_16
GUT_GENOME027284_12_17	12_17
GUT_GENOME027284_12_18	12_18
GUT_GENOME027284_12_19	12_19
GUT_GENOME027284_12_20	12_20
GUT_GENOME027284_12_21	12_21
GUT_GENOME027284_12_22	12_22
GUT_GENOME027284_12_23	12_23
GUT_GENOME027284_12_24	12_24
GUT_GENOME027284_12_25	12_25
GUT_GENOME027284_12_26	12_26
GUT_GENOME027284_12_27	12_27
GUT_GENOME027284_12_28	12_28
GUT_GENOME027284_12_29	12_29
GUT_GENOME027284_12_30	12_30
GUT_GENOME027284_12_31	12_31
GUT_GENOME027284_12_32	12_32
GUT_GENOME027284_12_33	12_33
GUT_GENOME027284_12_34	12_34
GUT_GENOME027284_12_35	12_35
GUT_GENOME027284_12_36	12_36
GUT_GENOME027284_12_37	12_37
GUT_GENOME027284_12_38	12_38
GUT_GENOME027284_12_39	12_39
GUT_GENOME027284_12_40	12_40
GUT_GENOME027284_12_41	12_41
GUT_GENOME027284_12_42	12_42
GUT_GENOME027284_12_43	12_43
GUT_GENOME027284_12_44	12_44
GUT_GENOME027284_12_45	12_45
GUT_GENOME027284_12_46	12_46
GUT_GENOME027284_12_47	12_47
GUT_GENOME027284_13_1	13_1
GUT_GENOME027284_13_2	13_2
GUT_GENOME027284_13_3	13_3
GUT_GENOME027284_13_4	13_4
GUT_GENOME027284_13_5	13_5
GUT_GENOME027284_13_6	13_6
GUT_GENOME027284_13_7	13_7
GUT_GENOME027284_13_8	13_8
GUT_GENOME027284_13_9	13_9
GUT_GENOME027284_13_10	13_10
GUT_GENOME027284_13_11	13_11
GUT_GENOME027284_13_12	13_12
GUT_GENOME027284_13_13	13_13
GUT_GENOME027284_13_14	13_14
GUT_GENOME027284_13_15	13_15
GUT_GENOME027284_13_16	13_16
GUT_GENOME027284_13_17	13_17
GUT_GENOME027284_13_18	13_18
GUT_GENOME027284_13_19	13_19
GUT_GENOME027284_13_20	13_20
GUT_GENOME027284_13_21	13_21
GUT_GENOME027284_13_22	13_22
GUT_GENOME027284_13_23	13_23
GUT_GENOME027284_13_24	13_24
GUT_GENOME027284_13_25	13_25
GUT_GENOME027284_13_26	13_26
GUT_GENOME027284_13_27	13_27
GUT_GENOME027284_13_28	13_28
GUT_GENOME027284_13_29	13_29
GUT_GENOME027284_13_30	13_30
GUT_GENOME027284_13_31	13_31
GUT_GENOME027284_13_32	13_32
GUT_GENOME027284_13_33	13_33
GUT_GENOME027284_13_34	13_34
GUT_GENOME027284_13_35	13_35
GUT_GENOME027284_13_36	13_36
GUT_GENOME027284_13_37	13_37
GUT_GENOME027284_13_38	13_38
GUT_GENOME027284_13_39	13_39
GUT_GENOME027284_13_40	13_40
GUT_GENOME027284_13_41	13_41
GUT_GENOME027284_13_42	13_42
GUT_GENOME027284_13_43	13_43
GUT_GENOME027284_13_44	13_44
GUT_GENOME027284_13_45	13_45
GUT_GENOME027284_13_46	13_46
GUT_GENOME027284_13_47	13_47
GUT_GENOME027284_13_48	13_48
GUT_GENOME027284_13_49	13_49
GUT_GENOME027284_13_50	13_50
GUT_GENOME027284_13_51	13_51
GUT_GENOME027284_13_52	13_52
GUT_GENOME027284_13_53	13_53
GUT_GENOME027284_13_54	13_54
GUT_GENOME027284_14_1	14_1
GUT_GENOME027284_14_2	14_2
GUT_GENOME027284_14_3	14_3
GUT_GENOME027284_14_4	14_4
GUT_GENOME027284_14_5	14_5
GUT_GENOME027284_14_6	14_6
GUT_GENOME027284_14_7	14_7
GUT_GENOME027284_14_8	14_8
GUT_GENOME027284_14_9	14_9
GUT_GENOME027284_14_10	14_10
GUT_GENOME027284_14_11	14_11
GUT_GENOME027284_14_12	14_12
GUT_GENOME027284_14_13	14_13
GUT_GENOME027284_14_14	14_14
GUT_GENOME027284_14_15	14_15
GUT_GENOME027284_14_16	14_16
GUT_GENOME027284_14_17	14_17
GUT_GENOME027284_14_18	14_18
GUT_GENOME027284_14_19	14_19
GUT_GENOME027284_14_20	14_20
GUT_GENOME027284_14_21	14_21
GUT_GENOME027284_14_22	14_22
GUT_GENOME027284_14_23	14_23
GUT_GENOME027284_14_24	14_24
GUT_GENOME027284_14_25	14_25
GUT_GENOME027284_14_26	14_26
GUT_GENOME027284_14_27	14_27
GUT_GENOME027284_14_28	14_28
GUT_GENOME027284_14_29	14_29
GUT_GENOME027284_14_30	14_30
GUT_GENOME027284_14_31	14_31
GUT_GENOME027284_14_32	14_32
GUT_GENOME027284_14_33	14_33
GUT_GENOME027284_14_34	14_34
GUT_GENOME027284_14_35	14_35
GUT_GENOME027284_14_36	14_36
GUT_GENOME027284_14_37	14_37
GUT_GENOME027284_14_38	14_38
GUT_GENOME027284_14_39	14_39
GUT_GENOME027284_14_40	14_40
GUT_GENOME027284_14_41	14_41
GUT_GENOME027284_14_42	14_42
GUT_GENOME027284_14_43	14_43
GUT_GENOME027284_14_44	14_44
GUT_GENOME027284_14_45	14_45
GUT_GENOME027284_14_46	14_46
GUT_GENOME027284_14_47	14_47
GUT_GENOME027284_14_48	14_48
GUT_GENOME027284_14_49	14_49
GUT_GENOME027284_14_50	14_50
GUT_GENOME027284_14_51	14_51
GUT_GENOME027284_14_52	14_52
GUT_GENOME027284_14_53	14_53
GUT_GENOME027284_14_54	14_54
GUT_GENOME027284_15_1	15_1
GUT_GENOME027284_15_2	15_2
GUT_GENOME027284_15_3	15_3
GUT_GENOME027284_15_4	15_4
GUT_GENOME027284_15_5	15_5
GUT_GENOME027284_15_6	15_6
GUT_GENOME027284_15_7	15_7
GUT_GENOME027284_15_8	15_8
GUT_GENOME027284_15_9	15_9
GUT_GENOME027284_15_10	15_10
GUT_GENOME027284_15_11	15_11
GUT_GENOME027284_15_12	15_12
GUT_GENOME027284_15_13	15_13
GUT_GENOME027284_15_14	15_14
GUT_GENOME027284_15_15	15_15
GUT_GENOME027284_15_16	15_16
GUT_GENOME027284_15_17	15_17
GUT_GENOME027284_15_18	15_18
GUT_GENOME027284_15_19	15_19
GUT_GENOME027284_15_20	15_20
GUT_GENOME027284_15_21	15_21
GUT_GENOME027284_15_22	15_22
GUT_GENOME027284_15_23	15_23
GUT_GENOME027284_15_24	15_24
GUT_GENOME027284_15_25	15_25
GUT_GENOME027284_15_26	15_26
GUT_GENOME027284_15_27	15_27
GUT_GENOME027284_15_28	15_28
GUT_GENOME027284_15_29	15_29
GUT_GENOME027284_15_30	15_30
GUT_GENOME027284_15_31	15_31
GUT_GENOME027284_15_32	15_32
GUT_GENOME027284_15_33	15_33
GUT_GENOME027284_15_34	15_34
GUT_GENOME027284_15_35	15_35
GUT_GENOME027284_15_36	15_36
GUT_GENOME027284_15_37	15_37
GUT_GENOME027284_15_38	15_38
GUT_GENOME027284_15_39	15_39
GUT_GENOME027284_15_40	15_40
GUT_GENOME027284_15_41	15_41
GUT_GENOME027284_15_42	15_42
GUT_GENOME027284_15_43	15_43
GUT_GENOME027284_15_44	15_44
GUT_GENOME027284_15_45	15_45
GUT_GENOME027284_15_46	15_46
GUT_GENOME027284_15_47	15_47
GUT_GENOME027284_15_48	15_48
GUT_GENOME027284_15_49	15_49
GUT_GENOME027284_15_50	15_50
GUT_GENOME027284_15_51	15_51
GUT_GENOME027284_15_52	15_52
GUT_GENOME027284_15_53	15_53
GUT_GENOME027284_16_1	16_1
GUT_GENOME027284_16_2	16_2
GUT_GENOME027284_16_3	16_3
GUT_GENOME027284_16_4	16_4
GUT_GENOME027284_16_5	16_5
GUT_GENOME027284_16_6	16_6
GUT_GENOME027284_16_7	16_7
GUT_GENOME027284_16_8	16_8
GUT_GENOME027284_16_9	16_9
GUT_GENOME027284_16_10	16_10
GUT_GENOME027284_16_11	16_11
GUT_GENOME027284_16_12	16_12
GUT_GENOME027284_16_13	16_13
GUT_GENOME027284_16_14	16_14
GUT_GENOME027284_16_15	16_15
GUT_GENOME027284_16_16	16_16
GUT_GENOME027284_16_17	16_17
GUT_GENOME027284_16_18	16_18
GUT_GENOME027284_16_19	16_19
GUT_GENOME027284_16_20	16_20
GUT_GENOME027284_16_21	16_21
GUT_GENOME027284_16_22	16_22
GUT_GENOME027284_16_23	16_23
GUT_GENOME027284_16_24	16_24
GUT_GENOME027284_16_25	16_25
GUT_GENOME027284_16_26	16_26
GUT_GENOME027284_16_27	16_27
GUT_GENOME027284_16_28	16_28
GUT_GENOME027284_16_29	16_29
GUT_GENOME027284_16_30	16_30
GUT_GENOME027284_16_31	16_31
GUT_GENOME027284_16_32	16_32
GUT_GENOME027284_16_33	16_33
GUT_GENOME027284_16_34	16_34
GUT_GENOME027284_16_35	16_35
GUT_GENOME027284_16_36	16_36
GUT_GENOME027284_16_37	16_37
GUT_GENOME027284_16_38	16_38
GUT_GENOME027284_16_39	16_39
GUT_GENOME027284_16_40	16_40
GUT_GENOME027284_16_41	16_41
GUT_GENOME027284_16_42	16_42
GUT_GENOME027284_16_43	16_43
GUT_GENOME027284_16_44	16_44
GUT_GENOME027284_16_45	16_45
GUT_GENOME027284_16_46	16_46
GUT_GENOME027284_16_47	16_47
GUT_GENOME027284_16_48	16_48
GUT_GENOME027284_16_49	16_49
GUT_GENOME027284_16_50	16_50
GUT_GENOME027284_16_51	16_51
GUT_GENOME027284_16_52	16_52
GUT_GENOME027284_16_53	16_53
GUT_GENOME027284_16_54	16_54
GUT_GENOME027284_16_55	16_55
GUT_GENOME027284_16_56	16_56
GUT_GENOME027284_16_57	16_57
GUT_GENOME027284_16_58	16_58
GUT_GENOME027284_17_1	17_1
GUT_GENOME027284_17_2	17_2
GUT_GENOME027284_17_3	17_3
GUT_GENOME027284_17_4	17_4
GUT_GENOME027284_17_5	17_5
GUT_GENOME027284_17_6	17_6
GUT_GENOME027284_17_7	17_7
GUT_GENOME027284_17_8	17_8
GUT_GENOME027284_17_9	17_9
GUT_GENOME027284_17_10	17_10
GUT_GENOME027284_17_11	17_11
GUT_GENOME027284_17_12	17_12
GUT_GENOME027284_17_13	17_13
GUT_GENOME027284_17_14	17_14
GUT_GENOME027284_17_15	17_15
GUT_GENOME027284_17_16	17_16
GUT_GENOME027284_17_17	17_17
GUT_GENOME027284_17_18	17_18
GUT_GENOME027284_17_19	17_19
GUT_GENOME027284_17_20	17_20
GUT_GENOME027284_17_21	17_21
GUT_GENOME027284_17_22	17_22
GUT_GENOME027284_17_23	17_23
GUT_GENOME027284_17_24	17_24
GUT_GENOME027284_17_25	17_25
GUT_GENOME027284_17_26	17_26
GUT_GENOME027284_17_27	17_27
GUT_GENOME027284_17_28	17_28
GUT_GENOME027284_17_29	17_29
GUT_GENOME027284_17_30	17_30
GUT_GENOME027284_17_31	17_31
GUT_GENOME027284_17_32	17_32
GUT_GENOME027284_17_33	17_33
GUT_GENOME027284_17_34	17_34
GUT_GENOME027284_17_35	17_35
GUT_GENOME027284_17_36	17_36
GUT_GENOME027284_17_37	17_37
GUT_GENOME027284_17_38	17_38
GUT_GENOME027284_17_39	17_39
GUT_GENOME027284_17_40	17_40
GUT_GENOME027284_17_41	17_41
GUT_GENOME027284_17_42	17_42
GUT_GENOME027284_17_43	17_43
GUT_GENOME027284_17_44	17_44
GUT_GENOME027284_17_45	17_45
GUT_GENOME027284_17_46	17_46
GUT_GENOME027284_17_47	17_47
GUT_GENOME027284_17_48	17_48
GUT_GENOME027284_17_49	17_49
GUT_GENOME027284_17_50	17_50
GUT_GENOME027284_17_51	17_51
GUT_GENOME027284_17_52	17_52
GUT_GENOME027284_17_53	17_53
GUT_GENOME027284_17_54	17_54
GUT_GENOME027284_18_1	18_1
GUT_GENOME027284_18_2	18_2
GUT_GENOME027284_18_3	18_3
GUT_GENOME027284_18_4	18_4
GUT_GENOME027284_18_5	18_5
GUT_GENOME027284_18_6	18_6
GUT_GENOME027284_18_7	18_7
GUT_GENOME027284_18_8	18_8
GUT_GENOME027284_18_9	18_9
GUT_GENOME027284_18_10	18_10
GUT_GENOME027284_18_11	18_11
GUT_GENOME027284_18_12	18_12
GUT_GENOME027284_18_13	18_13
GUT_GENOME027284_18_14	18_14
GUT_GENOME027284_18_15	18_15
GUT_GENOME027284_18_16	18_16
GUT_GENOME027284_18_17	18_17
GUT_GENOME027284_18_18	18_18
GUT_GENOME027284_18_19	18_19
GUT_GENOME027284_18_20	18_20
GUT_GENOME027284_18_21	18_21
GUT_GENOME027284_18_22	18_22
GUT_GENOME027284_18_23	18_23
GUT_GENOME027284_18_24	18_24
GUT_GENOME027284_18_25	18_25
GUT_GENOME027284_18_26	18_26
GUT_GENOME027284_18_27	18_27
GUT_GENOME027284_18_28	18_28
GUT_GENOME027284_18_29	18_29
GUT_GENOME027284_18_30	18_30
GUT_GENOME027284_18_31	18_31
GUT_GENOME027284_18_32	18_32
GUT_GENOME027284_18_33	18_33
GUT_GENOME027284_18_34	18_34
GUT_GENOME027284_18_35	18_35
GUT_GENOME027284_18_36	18_36
GUT_GENOME027284_18_37	18_37
GUT_GENOME027284_18_38	18_38
GUT_GENOME027284_18_39	18_39
GUT_GENOME027284_18_40	18_40
GUT_GENOME027284_19_1	19_1
GUT_GENOME027284_19_2	19_2
GUT_GENOME027284_19_3	19_3
GUT_GENOME027284_19_4	19_4
GUT_GENOME027284_19_5	19_5
GUT_GENOME027284_19_6	19_6
GUT_GENOME027284_19_7	19_7
GUT_GENOME027284_19_8	19_8
GUT_GENOME027284_19_9	19_9
GUT_GENOME027284_19_10	19_10
GUT_GENOME027284_19_11	19_11
GUT_GENOME027284_19_12	19_12
GUT_GENOME027284_19_13	19_13
GUT_GENOME027284_19_14	19_14
GUT_GENOME027284_19_15	19_15
GUT_GENOME027284_19_16	19_16
GUT_GENOME027284_19_17	19_17
GUT_GENOME027284_19_18	19_18
GUT_GENOME027284_19_19	19_19
GUT_GENOME027284_19_20	19_20
GUT_GENOME027284_19_21	19_21
GUT_GENOME027284_19_22	19_22
GUT_GENOME027284_19_23	19_23
GUT_GENOME027284_19_24	19_24
GUT_GENOME027284_19_25	19_25
GUT_GENOME027284_19_26	19_26
GUT_GENOME027284_19_27	19_27
GUT_GENOME027284_19_28	19_28
GUT_GENOME027284_19_29	19_29
GUT_GENOME027284_19_30	19_30
GUT_GENOME027284_19_31	19_31
GUT_GENOME027284_19_32	19_32
GUT_GENOME027284_19_33	19_33
GUT_GENOME027284_19_34	19_34
GUT_GENOME027284_19_35	19_35
GUT_GENOME027284_20_1	20_1
GUT_GENOME027284_20_2	20_2
GUT_GENOME027284_20_3	20_3
GUT_GENOME027284_20_4	20_4
GUT_GENOME027284_20_5	20_5
GUT_GENOME027284_20_6	20_6
GUT_GENOME027284_20_7	20_7
GUT_GENOME027284_20_8	20_8
GUT_GENOME027284_20_9	20_9
GUT_GENOME027284_20_10	20_10
GUT_GENOME027284_20_11	20_11
GUT_GENOME027284_20_12	20_12
GUT_GENOME027284_20_13	20_13
GUT_GENOME027284_20_14	20_14
GUT_GENOME027284_20_15	20_15
GUT_GENOME027284_20_16	20_16
GUT_GENOME027284_20_17	20_17
GUT_GENOME027284_20_18	20_18
GUT_GENOME027284_20_19	20_19
GUT_GENOME027284_20_20	20_20
GUT_GENOME027284_20_21	20_21
GUT_GENOME027284_20_22	20_22
GUT_GENOME027284_20_23	20_23
GUT_GENOME027284_20_24	20_24
GUT_GENOME027284_20_25	20_25
GUT_GENOME027284_20_26	20_26
GUT_GENOME027284_20_27	20_27
GUT_GENOME027284_20_28	20_28
GUT_GENOME027284_20_29	20_29
GUT_GENOME027284_20_30	20_30
GUT_GENOME027284_21_1	21_1
GUT_GENOME027284_21_2	21_2
GUT_GENOME027284_21_3	21_3
GUT_GENOME027284_21_4	21_4
GUT_GENOME027284_21_5	21_5
GUT_GENOME027284_21_6	21_6
GUT_GENOME027284_21_7	21_7
GUT_GENOME027284_21_8	21_8
GUT_GENOME027284_21_9	21_9
GUT_GENOME027284_21_10	21_10
GUT_GENOME027284_21_11	21_11
GUT_GENOME027284_21_12	21_12
GUT_GENOME027284_21_13	21_13
GUT_GENOME027284_21_14	21_14
GUT_GENOME027284_21_15	21_15
GUT_GENOME027284_21_16	21_16
GUT_GENOME027284_21_17	21_17
GUT_GENOME027284_21_18	21_18
GUT_GENOME027284_21_19	21_19
GUT_GENOME027284_21_20	21_20
GUT_GENOME027284_21_21	21_21
GUT_GENOME027284_21_22	21_22
GUT_GENOME027284_21_23	21_23
GUT_GENOME027284_21_24	21_24
GUT_GENOME027284_21_25	21_25
GUT_GENOME027284_21_26	21_26
GUT_GENOME027284_21_27	21_27
GUT_GENOME027284_21_28	21_28
GUT_GENOME027284_21_29	21_29
GUT_GENOME027284_21_30	21_30
GUT_GENOME027284_21_31	21_31
GUT_GENOME027284_21_32	21_32
GUT_GENOME027284_21_33	21_33
GUT_GENOME027284_21_34	21_34
GUT_GENOME027284_22_1	22_1
GUT_GENOME027284_22_2	22_2
GUT_GENOME027284_22_3	22_3
GUT_GENOME027284_22_4	22_4
GUT_GENOME027284_22_5	22_5
GUT_GENOME027284_22_6	22_6
GUT_GENOME027284_22_7	22_7
GUT_GENOME027284_22_8	22_8
GUT_GENOME027284_22_9	22_9
GUT_GENOME027284_22_10	22_10
GUT_GENOME027284_22_11	22_11
GUT_GENOME027284_22_12	22_12
GUT_GENOME027284_22_13	22_13
GUT_GENOME027284_22_14	22_14
GUT_GENOME027284_22_15	22_15
GUT_GENOME027284_22_16	22_16
GUT_GENOME027284_22_17	22_17
GUT_GENOME027284_22_18	22_18
GUT_GENOME027284_22_19	22_19
GUT_GENOME027284_22_20	22_20
GUT_GENOME027284_22_21	22_21
GUT_GENOME027284_22_22	22_22
GUT_GENOME027284_22_23	22_23
GUT_GENOME027284_22_24	22_24
GUT_GENOME027284_22_25	22_25
GUT_GENOME027284_22_26	22_26
GUT_GENOME027284_22_27	22_27
GUT_GENOME027284_22_28	22_28
GUT_GENOME027284_22_29	22_29
GUT_GENOME027284_22_30	22_30
GUT_GENOME027284_22_31	22_31
GUT_GENOME027284_22_32	22_32
GUT_GENOME027284_22_33	22_33
GUT_GENOME027284_22_34	22_34
GUT_GENOME027284_22_35	22_35
GUT_GENOME027284_23_1	23_1
GUT_GENOME027284_23_2	23_2
GUT_GENOME027284_23_3	23_3
GUT_GENOME027284_23_4	23_4
GUT_GENOME027284_23_5	23_5
GUT_GENOME027284_23_6	23_6
GUT_GENOME027284_23_7	23_7
GUT_GENOME027284_23_8	23_8
GUT_GENOME027284_23_9	23_9
GUT_GENOME027284_23_10	23_10
GUT_GENOME027284_23_11	23_11
GUT_GENOME027284_23_12	23_12
GUT_GENOME027284_23_13	23_13
GUT_GENOME027284_23_14	23_14
GUT_GENOME027284_23_15	23_15
GUT_GENOME027284_23_16	23_16
GUT_GENOME027284_23_17	23_17
GUT_GENOME027284_23_18	23_18
GUT_GENOME027284_23_19	23_19
GUT_GENOME027284_23_20	23_20
GUT_GENOME027284_23_21	23_21
GUT_GENOME027284_23_22	23_22
GUT_GENOME027284_23_23	23_23
GUT_GENOME027284_23_24	23_24
GUT_GENOME027284_23_25	23_25
GUT_GENOME027284_23_26	23_26
GUT_GENOME027284_23_27	23_27
GUT_GENOME027284_23_28	23_28
GUT_GENOME027284_23_29	23_29
GUT_GENOME027284_23_30	23_30
GUT_GENOME027284_23_31	23_31
GUT_GENOME027284_23_32	23_32
GUT_GENOME027284_23_33	23_33
GUT_GENOME027284_23_34	23_34
GUT_GENOME027284_23_35	23_35
GUT_GENOME027284_23_36	23_36
GUT_GENOME027284_23_37	23_37
GUT_GENOME027284_23_38	23_38
GUT_GENOME027284_23_39	23_39
GUT_GENOME027284_23_40	23_40
GUT_GENOME027284_23_41	23_41
GUT_GENOME027284_23_42	23_42
GUT_GENOME027284_23_43	23_43
GUT_GENOME027284_23_44	23_44
GUT_GENOME027284_23_45	23_45
GUT_GENOME027284_24_1	24_1
GUT_GENOME027284_24_2	24_2
GUT_GENOME027284_24_3	24_3
GUT_GENOME027284_24_4	24_4
GUT_GENOME027284_24_5	24_5
GUT_GENOME027284_24_6	24_6
GUT_GENOME027284_24_7	24_7
GUT_GENOME027284_24_8	24_8
GUT_GENOME027284_24_9	24_9
GUT_GENOME027284_24_10	24_10
GUT_GENOME027284_24_11	24_11
GUT_GENOME027284_24_12	24_12
GUT_GENOME027284_24_13	24_13
GUT_GENOME027284_24_14	24_14
GUT_GENOME027284_24_15	24_15
GUT_GENOME027284_24_16	24_16
GUT_GENOME027284_24_17	24_17
GUT_GENOME027284_24_18	24_18
GUT_GENOME027284_24_19	24_19
GUT_GENOME027284_24_20	24_20
GUT_GENOME027284_24_21	24_21
GUT_GENOME027284_24_22	24_22
GUT_GENOME027284_24_23	24_23
GUT_GENOME027284_24_24	24_24
GUT_GENOME027284_24_25	24_25
GUT_GENOME027284_24_26	24_26
GUT_GENOME027284_25_1	25_1
GUT_GENOME027284_25_2	25_2
GUT_GENOME027284_25_3	25_3
GUT_GENOME027284_25_4	25_4
GUT_GENOME027284_25_5	25_5
GUT_GENOME027284_25_6	25_6
GUT_GENOME027284_25_7	25_7
GUT_GENOME027284_25_8	25_8
GUT_GENOME027284_25_9	25_9
GUT_GENOME027284_25_10	25_10
GUT_GENOME027284_25_11	25_11
GUT_GENOME027284_25_12	25_12
GUT_GENOME027284_25_13	25_13
GUT_GENOME027284_25_14	25_14
GUT_GENOME027284_25_15	25_15
GUT_GENOME027284_25_16	25_16
GUT_GENOME027284_25_17	25_17
GUT_GENOME027284_25_18	25_18
GUT_GENOME027284_25_19	25_19
GUT_GENOME027284_25_20	25_20
GUT_GENOME027284_25_21	25_21
GUT_GENOME027284_25_22	25_22
GUT_GENOME027284_25_23	25_23
GUT_GENOME027284_25_24	25_24
GUT_GENOME027284_25_25	25_25
GUT_GENOME027284_25_26	25_26
GUT_GENOME027284_25_27	25_27
GUT_GENOME027284_26_1	26_1
GUT_GENOME027284_26_2	26_2
GUT_GENOME027284_26_3	26_3
GUT_GENOME027284_26_4	26_4
GUT_GENOME027284_26_5	26_5
GUT_GENOME027284_26_6	26_6
GUT_GENOME027284_26_7	26_7
GUT_GENOME027284_26_8	26_8
GUT_GENOME027284_26_9	26_9
GUT_GENOME027284_26_10	26_10
GUT_GENOME027284_26_11	26_11
GUT_GENOME027284_26_12	26_12
GUT_GENOME027284_26_13	26_13
GUT_GENOME027284_26_14	26_14
GUT_GENOME027284_26_15	26_15
GUT_GENOME027284_26_16	26_16
GUT_GENOME027284_26_17	26_17
GUT_GENOME027284_26_18	26_18
GUT_GENOME027284_26_19	26_19
GUT_GENOME027284_26_20	26_20
GUT_GENOME027284_26_21	26_21
GUT_GENOME027284_26_22	26_22
GUT_GENOME027284_26_23	26_23
GUT_GENOME027284_27_1	27_1
GUT_GENOME027284_27_2	27_2
GUT_GENOME027284_27_3	27_3
GUT_GENOME027284_27_4	27_4
GUT_GENOME027284_27_5	27_5
GUT_GENOME027284_27_6	27_6
GUT_GENOME027284_27_7	27_7
GUT_GENOME027284_27_8	27_8
GUT_GENOME027284_27_9	27_9
GUT_GENOME027284_27_10	27_10
GUT_GENOME027284_27_11	27_11
GUT_GENOME027284_27_12	27_12
GUT_GENOME027284_27_13	27_13
GUT_GENOME027284_27_14	27_14
GUT_GENOME027284_27_15	27_15
GUT_GENOME027284_27_16	27_16
GUT_GENOME027284_27_17	27_17
GUT_GENOME027284_27_18	27_18
GUT_GENOME027284_27_19	27_19
GUT_GENOME027284_27_20	27_20
GUT_GENOME027284_27_21	27_21
GUT_GENOME027284_27_22	27_22
GUT_GENOME027284_27_23	27_23
GUT_GENOME027284_27_24	27_24
GUT_GENOME027284_27_25	27_25
GUT_GENOME027284_27_26	27_26
GUT_GENOME027284_28_1	28_1
GUT_GENOME027284_28_2	28_2
GUT_GENOME027284_28_3	28_3
GUT_GENOME027284_28_4	28_4
GUT_GENOME027284_28_5	28_5
GUT_GENOME027284_28_6	28_6
GUT_GENOME027284_28_7	28_7
GUT_GENOME027284_28_8	28_8
GUT_GENOME027284_28_9	28_9
GUT_GENOME027284_28_10	28_10
GUT_GENOME027284_28_11	28_11
GUT_GENOME027284_28_12	28_12
GUT_GENOME027284_28_13	28_13
GUT_GENOME027284_28_14	28_14
GUT_GENOME027284_28_15	28_15
GUT_GENOME027284_28_16	28_16
GUT_GENOME027284_28_17	28_17
GUT_GENOME027284_28_18	28_18
GUT_GENOME027284_29_1	29_1
GUT_GENOME027284_29_2	29_2
GUT_GENOME027284_29_3	29_3
GUT_GENOME027284_29_4	29_4
GUT_GENOME027284_29_5	29_5
GUT_GENOME027284_29_6	29_6
GUT_GENOME027284_29_7	29_7
GUT_GENOME027284_29_8	29_8
GUT_GENOME027284_29_9	29_9
GUT_GENOME027284_29_10	29_10
GUT_GENOME027284_29_11	29_11
GUT_GENOME027284_29_12	29_12
GUT_GENOME027284_29_13	29_13
GUT_GENOME027284_29_14	29_14
GUT_GENOME027284_29_15	29_15
GUT_GENOME027284_29_16	29_16
GUT_GENOME027284_29_17	29_17
GUT_GENOME027284_29_18	29_18
GUT_GENOME027284_29_19	29_19
GUT_GENOME027284_29_20	29_20
GUT_GENOME027284_29_21	29_21
GUT_GENOME027284_29_22	29_22
GUT_GENOME027284_29_23	29_23
GUT_GENOME027284_30_1	30_1
GUT_GENOME027284_30_2	30_2
GUT_GENOME027284_30_3	30_3
GUT_GENOME027284_30_4	30_4
GUT_GENOME027284_30_5	30_5
GUT_GENOME027284_30_6	30_6
GUT_GENOME027284_30_7	30_7
GUT_GENOME027284_30_8	30_8
GUT_GENOME027284_30_9	30_9
GUT_GENOME027284_30_10	30_10
GUT_GENOME027284_30_11	30_11
GUT_GENOME027284_30_12	30_12
GUT_GENOME027284_30_13	30_13
GUT_GENOME027284_30_14	30_14
GUT_GENOME027284_30_15	30_15
GUT_GENOME027284_30_16	30_16
GUT_GENOME027284_30_17	30_17
GUT_GENOME027284_30_18	30_18
GUT_GENOME027284_30_19	30_19
GUT_GENOME027284_30_20	30_20
GUT_GENOME027284_30_21	30_21
GUT_GENOME027284_30_22	30_22
GUT_GENOME027284_30_23	30_23
GUT_GENOME027284_30_24	30_24
GUT_GENOME027284_30_25	30_25
GUT_GENOME027284_31_1	31_1
GUT_GENOME027284_31_2	31_2
GUT_GENOME027284_31_3	31_3
GUT_GENOME027284_31_4	31_4
GUT_GENOME027284_31_5	31_5
GUT_GENOME027284_31_6	31_6
GUT_GENOME027284_31_7	31_7
GUT_GENOME027284_31_8	31_8
GUT_GENOME027284_31_9	31_9
GUT_GENOME027284_31_10	31_10
GUT_GENOME027284_31_11	31_11
GUT_GENOME027284_31_12	31_12
GUT_GENOME027284_31_13	31_13
GUT_GENOME027284_31_14	31_14
GUT_GENOME027284_31_15	31_15
GUT_GENOME027284_31_16	31_16
GUT_GENOME027284_31_17	31_17
GUT_GENOME027284_32_1	32_1
GUT_GENOME027284_32_2	32_2
GUT_GENOME027284_32_3	32_3
GUT_GENOME027284_32_4	32_4
GUT_GENOME027284_32_5	32_5
GUT_GENOME027284_32_6	32_6
GUT_GENOME027284_32_7	32_7
GUT_GENOME027284_32_8	32_8
GUT_GENOME027284_32_9	32_9
GUT_GENOME027284_32_10	32_10
GUT_GENOME027284_32_11	32_11
GUT_GENOME027284_32_12	32_12
GUT_GENOME027284_32_13	32_13
GUT_GENOME027284_32_14	32_14
GUT_GENOME027284_32_15	32_15
GUT_GENOME027284_32_16	32_16
GUT_GENOME027284_32_17	32_17
GUT_GENOME027284_32_18	32_18
GUT_GENOME027284_33_1	33_1
GUT_GENOME027284_33_2	33_2
GUT_GENOME027284_33_3	33_3
GUT_GENOME027284_33_4	33_4
GUT_GENOME027284_33_5	33_5
GUT_GENOME027284_33_6	33_6
GUT_GENOME027284_33_7	33_7
GUT_GENOME027284_33_8	33_8
GUT_GENOME027284_33_9	33_9
GUT_GENOME027284_33_10	33_10
GUT_GENOME027284_33_11	33_11
GUT_GENOME027284_33_12	33_12
GUT_GENOME027284_33_13	33_13
GUT_GENOME027284_33_14	33_14
GUT_GENOME027284_33_15	33_15
GUT_GENOME027284_34_1	34_1
GUT_GENOME027284_34_2	34_2
GUT_GENOME027284_34_3	34_3
GUT_GENOME027284_34_4	34_4
GUT_GENOME027284_34_5	34_5
GUT_GENOME027284_34_6	34_6
GUT_GENOME027284_34_7	34_7
GUT_GENOME027284_34_8	34_8
GUT_GENOME027284_34_9	34_9
GUT_GENOME027284_34_10	34_10
GUT_GENOME027284_34_11	34_11
GUT_GENOME027284_34_12	34_12
GUT_GENOME027284_34_13	34_13
GUT_GENOME027284_34_14	34_14
GUT_GENOME027284_34_15	34_15
GUT_GENOME027284_34_16	34_16
GUT_GENOME027284_34_17	34_17
GUT_GENOME027284_34_18	34_18
GUT_GENOME027284_35_1	35_1
GUT_GENOME027284_35_2	35_2
GUT_GENOME027284_35_3	35_3
GUT_GENOME027284_35_4	35_4
GUT_GENOME027284_35_5	35_5
GUT_GENOME027284_35_6	35_6
GUT_GENOME027284_35_7	35_7
GUT_GENOME027284_35_8	35_8
GUT_GENOME027284_35_9	35_9
GUT_GENOME027284_35_10	35_10
GUT_GENOME027284_35_11	35_11
GUT_GENOME027284_35_12	35_12
GUT_GENOME027284_35_13	35_13
GUT_GENOME027284_35_14	35_14
GUT_GENOME027284_35_15	35_15
GUT_GENOME027284_35_16	35_16
GUT_GENOME027284_35_17	35_17
GUT_GENOME027284_36_1	36_1
GUT_GENOME027284_36_2	36_2
GUT_GENOME027284_36_3	36_3
GUT_GENOME027284_36_4	36_4
GUT_GENOME027284_36_5	36_5
GUT_GENOME027284_36_6	36_6
GUT_GENOME027284_36_7	36_7
GUT_GENOME027284_36_8	36_8
GUT_GENOME027284_36_9	36_9
GUT_GENOME027284_36_10	36_10
GUT_GENOME027284_36_11	36_11
GUT_GENOME027284_36_12	36_12
GUT_GENOME027284_36_13	36_13
GUT_GENOME027284_36_14	36_14
GUT_GENOME027284_36_15	36_15
GUT_GENOME027284_36_16	36_16
GUT_GENOME027284_36_17	36_17
GUT_GENOME027284_36_18	36_18
GUT_GENOME027284_36_19	36_19
GUT_GENOME027284_36_20	36_20
GUT_GENOME027284_36_21	36_21
GUT_GENOME027284_36_22	36_22
GUT_GENOME027284_36_23	36_23
GUT_GENOME027284_36_24	36_24
GUT_GENOME027284_37_1	37_1
GUT_GENOME027284_37_2	37_2
GUT_GENOME027284_37_3	37_3
GUT_GENOME027284_37_4	37_4
GUT_GENOME027284_37_5	37_5
GUT_GENOME027284_37_6	37_6
GUT_GENOME027284_37_7	37_7
GUT_GENOME027284_37_8	37_8
GUT_GENOME027284_37_9	37_9
GUT_GENOME027284_37_10	37_10
GUT_GENOME027284_37_11	37_11
GUT_GENOME027284_37_12	37_12
GUT_GENOME027284_37_13	37_13
GUT_GENOME027284_38_1	38_1
GUT_GENOME027284_38_2	38_2
GUT_GENOME027284_38_3	38_3
GUT_GENOME027284_38_4	38_4
GUT_GENOME027284_38_5	38_5
GUT_GENOME027284_38_6	38_6
GUT_GENOME027284_38_7	38_7
GUT_GENOME027284_38_8	38_8
GUT_GENOME027284_38_9	38_9
GUT_GENOME027284_38_10	38_10
GUT_GENOME027284_38_11	38_11
GUT_GENOME027284_38_12	38_12
GUT_GENOME027284_38_13	38_13
GUT_GENOME027284_38_14	38_14
GUT_GENOME027284_39_1	39_1
GUT_GENOME027284_39_2	39_2
GUT_GENOME027284_39_3	39_3
GUT_GENOME027284_39_4	39_4
GUT_GENOME027284_39_5	39_5
GUT_GENOME027284_39_6	39_6
GUT_GENOME027284_39_7	39_7
GUT_GENOME027284_39_8	39_8
GUT_GENOME027284_39_9	39_9
GUT_GENOME027284_39_10	39_10
GUT_GENOME027284_39_11	39_11
GUT_GENOME027284_39_12	39_12
GUT_GENOME027284_40_1	40_1
GUT_GENOME027284_40_2	40_2
GUT_GENOME027284_40_3	40_3
GUT_GENOME027284_40_4	40_4
GUT_GENOME027284_40_5	40_5
GUT_GENOME027284_40_6	40_6
GUT_GENOME027284_40_7	40_7
GUT_GENOME027284_40_8	40_8
GUT_GENOME027284_40_9	40_9
GUT_GENOME027284_41_1	41_1
GUT_GENOME027284_41_2	41_2
GUT_GENOME027284_41_3	41_3
GUT_GENOME027284_41_4	41_4
GUT_GENOME027284_41_5	41_5
GUT_GENOME027284_41_6	41_6
GUT_GENOME027284_42_1	42_1
GUT_GENOME027284_42_2	42_2
GUT_GENOME027284_42_3	42_3
GUT_GENOME027284_42_4	42_4
GUT_GENOME027284_42_5	42_5
GUT_GENOME027284_43_1	43_1
GUT_GENOME027284_43_2	43_2
