1_1	GUT_GENOME066135_1	75	551	-
1_2	GUT_GENOME066135_1	641	916	-
1_3	GUT_GENOME066135_1	917	1339	-
1_4	GUT_GENOME066135_1	1490	2632	-
1_5	GUT_GENOME066135_1	2763	3515	-
1_6	GUT_GENOME066135_1	3562	5484	-
1_7	GUT_GENOME066135_1	5641	8460	-
1_8	GUT_GENOME066135_1	8566	8865	+
1_9	GUT_GENOME066135_1	8918	9244	-
1_10	GUT_GENOME066135_1	9278	10471	-
1_11	GUT_GENOME066135_1	10488	11408	-
1_12	GUT_GENOME066135_1	11418	12035	-
1_13	GUT_GENOME066135_1	12032	12379	-
1_14	GUT_GENOME066135_1	12503	13840	-
1_15	GUT_GENOME066135_1	13863	14192	-
1_16	GUT_GENOME066135_1	14182	15375	-
1_17	GUT_GENOME066135_1	15379	15822	-
1_18	GUT_GENOME066135_1	16003	18357	-
1_19	GUT_GENOME066135_1	18693	19130	+
1_20	GUT_GENOME066135_1	19200	20891	-
1_21	GUT_GENOME066135_1	20933	21850	-
1_22	GUT_GENOME066135_1	22036	22434	+
1_23	GUT_GENOME066135_1	22481	23017	-
1_24	GUT_GENOME066135_1	23242	24222	+
1_25	GUT_GENOME066135_1	24272	25108	-
1_26	GUT_GENOME066135_1	25232	25963	-
1_27	GUT_GENOME066135_1	26101	27402	-
1_28	GUT_GENOME066135_1	27545	28015	-
1_29	GUT_GENOME066135_1	28078	28437	-
1_30	GUT_GENOME066135_1	28692	28892	-
1_31	GUT_GENOME066135_1	28922	29416	-
1_32	GUT_GENOME066135_1	29915	30808	-
1_33	GUT_GENOME066135_1	30857	31525	-
1_34	GUT_GENOME066135_1	31515	32408	-
1_35	GUT_GENOME066135_1	32540	33961	-
1_36	GUT_GENOME066135_1	34163	34342	+
1_37	GUT_GENOME066135_1	34375	34545	+
1_38	GUT_GENOME066135_1	34583	34855	-
1_39	GUT_GENOME066135_1	34857	35216	-
1_40	GUT_GENOME066135_1	35216	35542	-
2_1	GUT_GENOME066135_2	49	969	+
2_2	GUT_GENOME066135_2	1081	2253	-
2_3	GUT_GENOME066135_2	2472	2765	-
2_4	GUT_GENOME066135_2	2865	3449	-
2_5	GUT_GENOME066135_2	3439	4263	-
2_6	GUT_GENOME066135_2	4256	5092	-
2_7	GUT_GENOME066135_2	5260	5913	+
2_8	GUT_GENOME066135_2	5922	9038	-
2_9	GUT_GENOME066135_2	9354	9974	-
2_10	GUT_GENOME066135_2	10077	11816	-
2_11	GUT_GENOME066135_2	12164	12706	-
2_12	GUT_GENOME066135_2	12687	13169	-
2_13	GUT_GENOME066135_2	13166	13999	-
2_14	GUT_GENOME066135_2	13992	14738	-
2_15	GUT_GENOME066135_2	15225	16598	-
2_16	GUT_GENOME066135_2	16693	17208	-
2_17	GUT_GENOME066135_2	17205	17660	-
2_18	GUT_GENOME066135_2	17769	19130	-
2_19	GUT_GENOME066135_2	19168	20121	-
2_20	GUT_GENOME066135_2	20121	20948	-
2_21	GUT_GENOME066135_2	21063	24737	-
2_22	GUT_GENOME066135_2	24967	26103	-
2_23	GUT_GENOME066135_2	26216	27217	-
2_24	GUT_GENOME066135_2	27214	29181	-
2_25	GUT_GENOME066135_2	29273	30406	+
2_26	GUT_GENOME066135_2	30406	32547	+
2_27	GUT_GENOME066135_2	32587	34329	-
3_1	GUT_GENOME066135_3	60	1397	-
3_2	GUT_GENOME066135_3	1624	1842	-
3_3	GUT_GENOME066135_3	2175	4175	-
3_4	GUT_GENOME066135_3	4305	5672	-
3_5	GUT_GENOME066135_3	5724	6023	-
3_6	GUT_GENOME066135_3	6025	7962	-
3_7	GUT_GENOME066135_3	8170	8790	-
3_8	GUT_GENOME066135_3	8787	9503	-
3_9	GUT_GENOME066135_3	9496	10380	-
3_10	GUT_GENOME066135_3	10383	11546	-
3_11	GUT_GENOME066135_3	11580	12029	-
3_12	GUT_GENOME066135_3	12033	12686	-
3_13	GUT_GENOME066135_3	12747	13520	-
3_14	GUT_GENOME066135_3	13688	13951	-
3_15	GUT_GENOME066135_3	14060	15436	-
3_16	GUT_GENOME066135_3	15438	15890	-
3_17	GUT_GENOME066135_3	15887	17854	-
3_18	GUT_GENOME066135_3	17915	18574	-
3_19	GUT_GENOME066135_3	18674	20098	-
3_20	GUT_GENOME066135_3	20359	21324	+
3_21	GUT_GENOME066135_3	21434	21913	+
3_22	GUT_GENOME066135_3	21991	22914	-
3_23	GUT_GENOME066135_3	22926	24206	-
3_24	GUT_GENOME066135_3	24199	24768	-
3_25	GUT_GENOME066135_3	24849	25985	+
3_26	GUT_GENOME066135_3	25988	27634	+
3_27	GUT_GENOME066135_3	27624	28451	+
3_28	GUT_GENOME066135_3	28483	29325	+
3_29	GUT_GENOME066135_3	29329	30681	+
3_30	GUT_GENOME066135_3	30671	31774	+
3_31	GUT_GENOME066135_3	31771	32148	+
3_32	GUT_GENOME066135_3	32141	32791	+
3_33	GUT_GENOME066135_3	32818	32961	-
4_1	GUT_GENOME066135_4	1	1725	+
4_2	GUT_GENOME066135_4	1842	4301	+
4_3	GUT_GENOME066135_4	4316	4417	+
4_4	GUT_GENOME066135_4	4669	5259	+
4_5	GUT_GENOME066135_4	5269	7269	-
4_6	GUT_GENOME066135_4	7354	8466	-
4_7	GUT_GENOME066135_4	8516	9073	-
4_8	GUT_GENOME066135_4	9169	9336	-
4_9	GUT_GENOME066135_4	9355	10668	-
4_10	GUT_GENOME066135_4	10921	14058	-
4_11	GUT_GENOME066135_4	14061	15233	-
4_12	GUT_GENOME066135_4	15420	15881	+
4_13	GUT_GENOME066135_4	15981	16922	+
4_14	GUT_GENOME066135_4	16974	19649	-
4_15	GUT_GENOME066135_4	20032	20373	-
4_16	GUT_GENOME066135_4	20435	21325	-
4_17	GUT_GENOME066135_4	21309	22688	-
4_18	GUT_GENOME066135_4	22701	23498	-
4_19	GUT_GENOME066135_4	23508	26126	-
4_20	GUT_GENOME066135_4	26184	26636	-
4_21	GUT_GENOME066135_4	26651	28144	-
4_22	GUT_GENOME066135_4	28339	29076	-
4_23	GUT_GENOME066135_4	29128	30957	-
4_24	GUT_GENOME066135_4	30994	32550	-
5_1	GUT_GENOME066135_5	305	1897	+
5_2	GUT_GENOME066135_5	1978	2736	-
5_3	GUT_GENOME066135_5	2872	3783	-
5_4	GUT_GENOME066135_5	3785	4690	-
5_5	GUT_GENOME066135_5	4884	5336	-
5_6	GUT_GENOME066135_5	5434	6690	-
5_7	GUT_GENOME066135_5	6877	8775	-
5_8	GUT_GENOME066135_5	8753	9634	-
5_9	GUT_GENOME066135_5	9644	10801	-
5_10	GUT_GENOME066135_5	10789	13398	-
5_11	GUT_GENOME066135_5	13401	13856	-
5_12	GUT_GENOME066135_5	13873	15366	-
5_13	GUT_GENOME066135_5	15543	16109	-
5_14	GUT_GENOME066135_5	16112	18385	-
5_15	GUT_GENOME066135_5	18625	19491	+
5_16	GUT_GENOME066135_5	19549	20271	+
5_17	GUT_GENOME066135_5	20316	21047	-
5_18	GUT_GENOME066135_5	21059	22129	-
5_19	GUT_GENOME066135_5	22131	24602	-
5_20	GUT_GENOME066135_5	24776	27259	-
5_21	GUT_GENOME066135_5	27306	27767	-
5_22	GUT_GENOME066135_5	27772	28614	-
5_23	GUT_GENOME066135_5	28638	30575	-
5_24	GUT_GENOME066135_5	30725	31453	+
6_1	GUT_GENOME066135_6	20	1390	+
6_2	GUT_GENOME066135_6	1431	2285	-
6_3	GUT_GENOME066135_6	2287	3636	-
6_4	GUT_GENOME066135_6	3708	4943	-
6_5	GUT_GENOME066135_6	5197	6951	+
6_6	GUT_GENOME066135_6	7206	8813	+
6_7	GUT_GENOME066135_6	8838	11102	+
6_8	GUT_GENOME066135_6	11095	11760	+
6_9	GUT_GENOME066135_6	11825	12766	+
6_10	GUT_GENOME066135_6	12937	13605	+
6_11	GUT_GENOME066135_6	13611	15020	+
6_12	GUT_GENOME066135_6	15084	16826	+
6_13	GUT_GENOME066135_6	16836	17102	+
6_14	GUT_GENOME066135_6	17393	18175	+
6_15	GUT_GENOME066135_6	18165	19115	+
6_16	GUT_GENOME066135_6	19112	20050	+
6_17	GUT_GENOME066135_6	20062	21003	+
6_18	GUT_GENOME066135_6	21444	21884	+
6_19	GUT_GENOME066135_6	21884	22861	+
6_20	GUT_GENOME066135_6	22949	23170	+
6_21	GUT_GENOME066135_6	23269	24192	+
6_22	GUT_GENOME066135_6	24270	25001	+
6_23	GUT_GENOME066135_6	25065	26282	+
6_24	GUT_GENOME066135_6	26327	26848	+
6_25	GUT_GENOME066135_6	26862	27296	+
6_26	GUT_GENOME066135_6	27173	27439	-
6_27	GUT_GENOME066135_6	27508	28872	+
6_28	GUT_GENOME066135_6	29668	30603	-
7_1	GUT_GENOME066135_7	119	1147	-
7_2	GUT_GENOME066135_7	1224	1997	-
7_3	GUT_GENOME066135_7	2272	3312	+
7_4	GUT_GENOME066135_7	3467	6160	+
7_5	GUT_GENOME066135_7	6192	7235	-
7_6	GUT_GENOME066135_7	7225	7722	-
7_7	GUT_GENOME066135_7	7712	8293	-
7_8	GUT_GENOME066135_7	8347	9693	-
7_9	GUT_GENOME066135_7	9842	12484	-
7_10	GUT_GENOME066135_7	12778	13392	-
7_11	GUT_GENOME066135_7	13517	13765	-
7_12	GUT_GENOME066135_7	13768	14115	-
7_13	GUT_GENOME066135_7	14117	14626	-
7_14	GUT_GENOME066135_7	14661	16166	-
7_15	GUT_GENOME066135_7	16267	16659	-
7_16	GUT_GENOME066135_7	16685	17014	-
7_17	GUT_GENOME066135_7	17192	18010	+
7_18	GUT_GENOME066135_7	18026	19219	+
7_19	GUT_GENOME066135_7	19313	20146	+
7_20	GUT_GENOME066135_7	20230	21078	+
7_21	GUT_GENOME066135_7	21110	21418	+
7_22	GUT_GENOME066135_7	21452	22219	-
7_23	GUT_GENOME066135_7	22327	22572	-
7_24	GUT_GENOME066135_7	22692	23186	-
7_25	GUT_GENOME066135_7	23224	23517	-
7_26	GUT_GENOME066135_7	23703	23915	-
7_27	GUT_GENOME066135_7	24390	25853	+
7_28	GUT_GENOME066135_7	25878	27542	-
7_29	GUT_GENOME066135_7	27555	28175	-
7_30	GUT_GENOME066135_7	28188	28667	-
8_1	GUT_GENOME066135_8	185	1399	+
8_2	GUT_GENOME066135_8	1401	1859	+
8_3	GUT_GENOME066135_8	1956	3149	+
8_4	GUT_GENOME066135_8	3160	3699	-
8_5	GUT_GENOME066135_8	4000	6540	-
8_6	GUT_GENOME066135_8	6777	7577	+
8_7	GUT_GENOME066135_8	7587	8063	+
8_8	GUT_GENOME066135_8	8097	9116	-
8_9	GUT_GENOME066135_8	9118	9552	-
8_10	GUT_GENOME066135_8	9542	10108	-
8_11	GUT_GENOME066135_8	10062	10772	-
8_12	GUT_GENOME066135_8	11106	11411	+
8_13	GUT_GENOME066135_8	11532	13220	+
8_14	GUT_GENOME066135_8	13339	13800	+
8_15	GUT_GENOME066135_8	13813	14847	-
8_16	GUT_GENOME066135_8	15037	15825	-
8_17	GUT_GENOME066135_8	15815	17695	-
8_18	GUT_GENOME066135_8	17769	18623	-
8_19	GUT_GENOME066135_8	18635	19414	-
8_20	GUT_GENOME066135_8	19533	19958	-
8_21	GUT_GENOME066135_8	19948	22080	-
8_22	GUT_GENOME066135_8	22176	22787	+
8_23	GUT_GENOME066135_8	22856	23839	-
8_24	GUT_GENOME066135_8	23802	24704	-
8_25	GUT_GENOME066135_8	24717	25565	-
8_26	GUT_GENOME066135_8	25581	26060	-
8_27	GUT_GENOME066135_8	26099	26935	-
8_28	GUT_GENOME066135_8	26928	27770	-
9_1	GUT_GENOME066135_9	78	1271	-
9_2	GUT_GENOME066135_9	1417	2166	+
9_3	GUT_GENOME066135_9	2234	2593	-
9_4	GUT_GENOME066135_9	2628	2828	-
9_5	GUT_GENOME066135_9	2866	3933	-
9_6	GUT_GENOME066135_9	4260	5798	-
9_7	GUT_GENOME066135_9	6080	7672	-
9_8	GUT_GENOME066135_9	7780	8556	+
9_9	GUT_GENOME066135_9	8617	10053	-
9_10	GUT_GENOME066135_9	10072	11508	-
9_11	GUT_GENOME066135_9	11523	13448	-
9_12	GUT_GENOME066135_9	13521	14366	-
9_13	GUT_GENOME066135_9	14560	15051	-
9_14	GUT_GENOME066135_9	15258	16154	-
9_15	GUT_GENOME066135_9	16310	18250	-
9_16	GUT_GENOME066135_9	18613	19560	-
9_17	GUT_GENOME066135_9	19752	26687	-
10_1	GUT_GENOME066135_10	1	60	-
10_2	GUT_GENOME066135_10	413	745	-
10_3	GUT_GENOME066135_10	781	1101	-
10_4	GUT_GENOME066135_10	1193	2629	-
10_5	GUT_GENOME066135_10	2629	4152	-
10_6	GUT_GENOME066135_10	4332	5672	-
10_7	GUT_GENOME066135_10	5697	6023	-
10_8	GUT_GENOME066135_10	6236	6976	-
10_9	GUT_GENOME066135_10	6996	7580	-
10_10	GUT_GENOME066135_10	7580	8920	-
10_11	GUT_GENOME066135_10	9038	9646	-
10_12	GUT_GENOME066135_10	9699	10754	-
10_13	GUT_GENOME066135_10	10747	11703	-
10_14	GUT_GENOME066135_10	11675	12622	-
10_15	GUT_GENOME066135_10	12805	13218	-
10_16	GUT_GENOME066135_10	13187	13282	-
10_17	GUT_GENOME066135_10	13372	14289	-
10_18	GUT_GENOME066135_10	14470	14649	+
10_19	GUT_GENOME066135_10	14679	15521	-
10_20	GUT_GENOME066135_10	15650	16516	-
10_21	GUT_GENOME066135_10	16513	16845	-
10_22	GUT_GENOME066135_10	16879	17652	-
10_23	GUT_GENOME066135_10	17665	18528	-
10_24	GUT_GENOME066135_10	18555	19184	-
10_25	GUT_GENOME066135_10	19395	20096	+
10_26	GUT_GENOME066135_10	20089	21507	+
10_27	GUT_GENOME066135_10	21504	22316	+
10_28	GUT_GENOME066135_10	22366	23991	-
10_29	GUT_GENOME066135_10	24020	24301	-
10_30	GUT_GENOME066135_10	24418	24948	-
10_31	GUT_GENOME066135_10	25006	25395	-
10_32	GUT_GENOME066135_10	25465	26088	-
10_33	GUT_GENOME066135_10	26090	26410	-
10_34	GUT_GENOME066135_10	26407	26694	-
11_1	GUT_GENOME066135_11	116	349	+
11_2	GUT_GENOME066135_11	589	1248	+
11_3	GUT_GENOME066135_11	1245	1904	+
11_4	GUT_GENOME066135_11	2008	2712	+
11_5	GUT_GENOME066135_11	2762	3586	-
11_6	GUT_GENOME066135_11	3949	5370	+
11_7	GUT_GENOME066135_11	5448	6548	+
11_8	GUT_GENOME066135_11	6623	7627	+
11_9	GUT_GENOME066135_11	7611	9416	+
11_10	GUT_GENOME066135_11	9416	10099	+
11_11	GUT_GENOME066135_11	10161	11105	+
11_12	GUT_GENOME066135_11	11353	13971	+
11_13	GUT_GENOME066135_11	14098	14565	+
11_14	GUT_GENOME066135_11	14748	15641	+
11_15	GUT_GENOME066135_11	15871	16722	+
11_16	GUT_GENOME066135_11	16737	17660	+
11_17	GUT_GENOME066135_11	17660	18547	+
11_18	GUT_GENOME066135_11	18566	19369	+
11_19	GUT_GENOME066135_11	19383	20144	+
11_20	GUT_GENOME066135_11	20200	20853	+
11_21	GUT_GENOME066135_11	20887	22158	-
11_22	GUT_GENOME066135_11	22500	22958	+
11_23	GUT_GENOME066135_11	23001	23177	+
11_24	GUT_GENOME066135_11	23248	23628	-
11_25	GUT_GENOME066135_11	23734	24831	-
11_26	GUT_GENOME066135_11	24854	25657	-
11_27	GUT_GENOME066135_11	25688	26677	-
12_1	GUT_GENOME066135_12	166	369	+
12_2	GUT_GENOME066135_12	678	1232	+
12_3	GUT_GENOME066135_12	1344	3062	+
12_4	GUT_GENOME066135_12	3161	5044	+
12_5	GUT_GENOME066135_12	5038	5364	+
12_6	GUT_GENOME066135_12	5618	9223	+
12_7	GUT_GENOME066135_12	9543	13190	+
12_8	GUT_GENOME066135_12	13282	14190	-
12_9	GUT_GENOME066135_12	14438	15121	+
12_10	GUT_GENOME066135_12	15125	16381	+
12_11	GUT_GENOME066135_12	16459	17229	+
12_12	GUT_GENOME066135_12	17299	18555	+
12_13	GUT_GENOME066135_12	18555	19766	+
12_14	GUT_GENOME066135_12	19791	20246	+
12_15	GUT_GENOME066135_12	20271	21668	+
12_16	GUT_GENOME066135_12	21967	23523	+
12_17	GUT_GENOME066135_12	23688	24881	+
13_1	GUT_GENOME066135_13	29	922	+
13_2	GUT_GENOME066135_13	867	1631	+
13_3	GUT_GENOME066135_13	2415	2843	+
13_4	GUT_GENOME066135_13	2836	3435	+
13_5	GUT_GENOME066135_13	3404	4042	+
13_6	GUT_GENOME066135_13	4029	5102	+
13_7	GUT_GENOME066135_13	5152	5856	+
13_8	GUT_GENOME066135_13	5932	6420	+
13_9	GUT_GENOME066135_13	6502	7353	+
13_10	GUT_GENOME066135_13	7551	9362	+
13_11	GUT_GENOME066135_13	9586	10215	+
13_12	GUT_GENOME066135_13	10254	11519	+
13_13	GUT_GENOME066135_13	11603	12028	+
13_14	GUT_GENOME066135_13	12033	13040	+
13_15	GUT_GENOME066135_13	13333	13656	+
13_16	GUT_GENOME066135_13	13696	14793	+
13_17	GUT_GENOME066135_13	14840	16321	+
13_18	GUT_GENOME066135_13	16340	16546	+
13_19	GUT_GENOME066135_13	16549	16686	+
13_20	GUT_GENOME066135_13	16858	17142	+
13_21	GUT_GENOME066135_13	17153	18796	+
13_22	GUT_GENOME066135_13	18917	19252	+
13_23	GUT_GENOME066135_13	19254	19694	+
13_24	GUT_GENOME066135_13	19874	20563	+
13_25	GUT_GENOME066135_13	20570	21349	+
13_26	GUT_GENOME066135_13	21351	21986	+
13_27	GUT_GENOME066135_13	22159	23148	+
14_1	GUT_GENOME066135_14	2	559	-
14_2	GUT_GENOME066135_14	777	1019	-
14_3	GUT_GENOME066135_14	1131	3035	-
14_4	GUT_GENOME066135_14	3069	3986	-
14_5	GUT_GENOME066135_14	3983	4684	-
14_6	GUT_GENOME066135_14	4861	5259	-
14_7	GUT_GENOME066135_14	5408	7234	-
14_8	GUT_GENOME066135_14	7312	7854	-
14_9	GUT_GENOME066135_14	7888	8925	-
14_10	GUT_GENOME066135_14	9064	9468	-
14_11	GUT_GENOME066135_14	9502	10287	-
14_12	GUT_GENOME066135_14	10271	10975	-
14_13	GUT_GENOME066135_14	11089	12006	-
14_14	GUT_GENOME066135_14	12094	12882	-
14_15	GUT_GENOME066135_14	12913	13605	-
14_16	GUT_GENOME066135_14	13767	14192	-
14_17	GUT_GENOME066135_14	14210	15619	-
14_18	GUT_GENOME066135_14	15679	16560	-
14_19	GUT_GENOME066135_14	16572	18080	-
14_20	GUT_GENOME066135_14	18146	18673	-
14_21	GUT_GENOME066135_14	18688	19194	-
14_22	GUT_GENOME066135_14	19208	19921	-
14_23	GUT_GENOME066135_14	19976	20191	-
14_24	GUT_GENOME066135_14	20387	21163	-
15_1	GUT_GENOME066135_15	1	1995	+
15_2	GUT_GENOME066135_15	2095	5043	-
15_3	GUT_GENOME066135_15	5189	5320	-
15_4	GUT_GENOME066135_15	5393	6547	+
15_5	GUT_GENOME066135_15	6557	8344	+
15_6	GUT_GENOME066135_15	8370	9077	-
15_7	GUT_GENOME066135_15	9306	10235	+
15_8	GUT_GENOME066135_15	10237	11034	+
15_9	GUT_GENOME066135_15	10994	11851	+
15_10	GUT_GENOME066135_15	12025	12834	+
15_11	GUT_GENOME066135_15	12853	13689	+
15_12	GUT_GENOME066135_15	13715	15505	+
15_13	GUT_GENOME066135_15	15551	16558	+
15_14	GUT_GENOME066135_15	16706	17551	+
15_15	GUT_GENOME066135_15	17583	18389	+
15_16	GUT_GENOME066135_15	18420	19388	+
15_17	GUT_GENOME066135_15	19388	20029	+
15_18	GUT_GENOME066135_15	20070	20207	-
15_19	GUT_GENOME066135_15	20211	20717	-
16_1	GUT_GENOME066135_16	1	150	-
16_2	GUT_GENOME066135_16	147	1613	-
16_3	GUT_GENOME066135_16	1772	2983	-
16_4	GUT_GENOME066135_16	3238	3477	-
16_5	GUT_GENOME066135_16	3494	5527	-
16_6	GUT_GENOME066135_16	5527	6495	-
16_7	GUT_GENOME066135_16	6509	7288	-
16_8	GUT_GENOME066135_16	7606	8628	+
16_9	GUT_GENOME066135_16	8665	9687	-
16_10	GUT_GENOME066135_16	9700	10323	-
16_11	GUT_GENOME066135_16	10378	11634	+
16_12	GUT_GENOME066135_16	11631	12275	+
16_13	GUT_GENOME066135_16	12278	12739	-
16_14	GUT_GENOME066135_16	12723	13211	-
16_15	GUT_GENOME066135_16	13221	13694	-
16_16	GUT_GENOME066135_16	13696	14655	-
16_17	GUT_GENOME066135_16	14774	15880	-
16_18	GUT_GENOME066135_16	16135	16419	+
16_19	GUT_GENOME066135_16	16488	17660	+
16_20	GUT_GENOME066135_16	17667	18299	+
16_21	GUT_GENOME066135_16	18398	18682	-
16_22	GUT_GENOME066135_16	18675	19019	-
16_23	GUT_GENOME066135_16	19023	19337	-
16_24	GUT_GENOME066135_16	19587	20495	-
16_25	GUT_GENOME066135_16	20586	20693	-
17_1	GUT_GENOME066135_17	67	1290	-
17_2	GUT_GENOME066135_17	1418	1564	-
17_3	GUT_GENOME066135_17	1561	2697	-
17_4	GUT_GENOME066135_17	2798	3403	-
17_5	GUT_GENOME066135_17	3864	6197	-
17_6	GUT_GENOME066135_17	6445	7002	-
17_7	GUT_GENOME066135_17	7125	9578	-
17_8	GUT_GENOME066135_17	9565	10017	-
17_9	GUT_GENOME066135_17	10137	10610	-
17_10	GUT_GENOME066135_17	10636	12348	-
17_11	GUT_GENOME066135_17	12453	13013	-
17_12	GUT_GENOME066135_17	13139	13657	-
17_13	GUT_GENOME066135_17	13641	15875	-
17_14	GUT_GENOME066135_17	15908	16573	-
17_15	GUT_GENOME066135_17	16536	17468	-
17_16	GUT_GENOME066135_17	17777	18466	-
17_17	GUT_GENOME066135_17	18558	19478	-
17_18	GUT_GENOME066135_17	19835	20155	-
17_19	GUT_GENOME066135_17	20152	20484	-
18_1	GUT_GENOME066135_18	59	1012	+
18_2	GUT_GENOME066135_18	1009	1878	+
18_3	GUT_GENOME066135_18	2209	2607	+
18_4	GUT_GENOME066135_18	2694	3230	+
18_5	GUT_GENOME066135_18	3373	3720	+
18_6	GUT_GENOME066135_18	3741	4235	+
18_7	GUT_GENOME066135_18	4246	4428	+
18_8	GUT_GENOME066135_18	4567	5616	+
18_9	GUT_GENOME066135_18	5824	6276	+
18_10	GUT_GENOME066135_18	6347	7663	+
18_11	GUT_GENOME066135_18	7815	8462	+
18_12	GUT_GENOME066135_18	8499	9308	-
18_13	GUT_GENOME066135_18	9301	10023	-
18_14	GUT_GENOME066135_18	10045	10488	-
18_15	GUT_GENOME066135_18	10690	10908	+
18_16	GUT_GENOME066135_18	10961	11077	+
18_17	GUT_GENOME066135_18	11095	11460	+
18_18	GUT_GENOME066135_18	11478	11861	+
18_19	GUT_GENOME066135_18	11913	12851	+
18_20	GUT_GENOME066135_18	12867	13247	+
18_21	GUT_GENOME066135_18	13644	15128	+
18_22	GUT_GENOME066135_18	15138	15575	+
18_23	GUT_GENOME066135_18	16185	17447	+
18_24	GUT_GENOME066135_18	17582	18658	+
18_25	GUT_GENOME066135_18	18667	19296	+
19_1	GUT_GENOME066135_19	214	786	+
19_2	GUT_GENOME066135_19	843	2132	-
19_3	GUT_GENOME066135_19	2440	3324	+
19_4	GUT_GENOME066135_19	3321	4865	+
19_5	GUT_GENOME066135_19	4954	5949	+
19_6	GUT_GENOME066135_19	6016	6258	+
19_7	GUT_GENOME066135_19	6299	7180	-
19_8	GUT_GENOME066135_19	7303	8166	-
19_9	GUT_GENOME066135_19	8177	9925	-
19_10	GUT_GENOME066135_19	9981	11264	-
19_11	GUT_GENOME066135_19	11829	12380	-
19_12	GUT_GENOME066135_19	12429	13337	-
19_13	GUT_GENOME066135_19	13389	14672	-
19_14	GUT_GENOME066135_19	14653	15897	-
19_15	GUT_GENOME066135_19	16031	16393	+
19_16	GUT_GENOME066135_19	16396	17490	+
19_17	GUT_GENOME066135_19	17462	17683	+
19_18	GUT_GENOME066135_19	17703	19199	-
20_1	GUT_GENOME066135_20	1	693	-
20_2	GUT_GENOME066135_20	915	1118	-
20_3	GUT_GENOME066135_20	1167	1292	-
20_4	GUT_GENOME066135_20	1315	1629	-
20_5	GUT_GENOME066135_20	1716	4052	-
20_6	GUT_GENOME066135_20	4058	4612	-
20_7	GUT_GENOME066135_20	4673	5653	-
20_8	GUT_GENOME066135_20	5753	6799	-
20_9	GUT_GENOME066135_20	6799	8016	-
20_10	GUT_GENOME066135_20	8074	9033	-
20_11	GUT_GENOME066135_20	9041	10705	-
20_12	GUT_GENOME066135_20	10717	11163	-
20_13	GUT_GENOME066135_20	11160	11969	-
20_14	GUT_GENOME066135_20	11966	12805	-
20_15	GUT_GENOME066135_20	12941	13117	-
20_16	GUT_GENOME066135_20	13240	14283	-
20_17	GUT_GENOME066135_20	14388	14612	-
20_18	GUT_GENOME066135_20	14622	15911	-
20_19	GUT_GENOME066135_20	15951	16796	-
20_20	GUT_GENOME066135_20	17442	17762	+
20_21	GUT_GENOME066135_20	17807	18514	-
20_22	GUT_GENOME066135_20	18625	19056	-
20_23	GUT_GENOME066135_20	19053	19130	-
21_1	GUT_GENOME066135_21	239	2080	+
21_2	GUT_GENOME066135_21	2155	2385	+
21_3	GUT_GENOME066135_21	2431	3366	+
21_4	GUT_GENOME066135_21	3451	4644	+
21_5	GUT_GENOME066135_21	4762	5955	+
21_6	GUT_GENOME066135_21	6046	6762	+
21_7	GUT_GENOME066135_21	6791	7348	+
21_8	GUT_GENOME066135_21	7456	8316	+
21_9	GUT_GENOME066135_21	8370	9782	-
21_10	GUT_GENOME066135_21	9801	11090	-
21_11	GUT_GENOME066135_21	11171	11947	-
21_12	GUT_GENOME066135_21	12149	12664	+
21_13	GUT_GENOME066135_21	12661	12876	+
21_14	GUT_GENOME066135_21	12894	13265	+
21_15	GUT_GENOME066135_21	13500	13769	+
21_16	GUT_GENOME066135_21	14070	14468	+
21_17	GUT_GENOME066135_21	14472	16532	+
21_18	GUT_GENOME066135_21	16539	17168	+
21_19	GUT_GENOME066135_21	17295	17720	+
21_20	GUT_GENOME066135_21	17810	18499	+
22_1	GUT_GENOME066135_22	1	729	-
22_2	GUT_GENOME066135_22	750	1994	-
22_3	GUT_GENOME066135_22	2078	5014	-
22_4	GUT_GENOME066135_22	5034	6368	-
22_5	GUT_GENOME066135_22	6378	7268	-
22_6	GUT_GENOME066135_22	7265	8425	-
22_7	GUT_GENOME066135_22	8436	9245	-
22_8	GUT_GENOME066135_22	9242	10183	-
22_9	GUT_GENOME066135_22	10205	11356	-
22_10	GUT_GENOME066135_22	11468	12364	-
22_11	GUT_GENOME066135_22	12380	13423	-
22_12	GUT_GENOME066135_22	13445	13702	-
22_13	GUT_GENOME066135_22	13704	14300	-
22_14	GUT_GENOME066135_22	14301	15170	-
22_15	GUT_GENOME066135_22	15321	17639	-
22_16	GUT_GENOME066135_22	17743	18441	-
23_1	GUT_GENOME066135_23	31	516	-
23_2	GUT_GENOME066135_23	519	1751	-
23_3	GUT_GENOME066135_23	1855	2553	-
23_4	GUT_GENOME066135_23	2634	4244	-
23_5	GUT_GENOME066135_23	4264	5808	-
23_6	GUT_GENOME066135_23	5821	6306	-
23_7	GUT_GENOME066135_23	6436	7152	+
23_8	GUT_GENOME066135_23	7187	8737	-
23_9	GUT_GENOME066135_23	8778	9320	-
23_10	GUT_GENOME066135_23	9317	10330	-
23_11	GUT_GENOME066135_23	10323	11738	-
23_12	GUT_GENOME066135_23	11723	13939	-
23_13	GUT_GENOME066135_23	13936	14616	-
23_14	GUT_GENOME066135_23	14616	14876	-
23_15	GUT_GENOME066135_23	14915	15631	-
23_16	GUT_GENOME066135_23	15736	16161	-
23_17	GUT_GENOME066135_23	16178	16639	-
23_18	GUT_GENOME066135_23	16641	17549	-
24_1	GUT_GENOME066135_24	90	1115	-
24_2	GUT_GENOME066135_24	1234	2790	-
24_3	GUT_GENOME066135_24	2880	3533	-
24_4	GUT_GENOME066135_24	3535	4857	-
24_5	GUT_GENOME066135_24	4993	6729	-
24_6	GUT_GENOME066135_24	6849	7250	-
24_7	GUT_GENOME066135_24	7271	8176	-
24_8	GUT_GENOME066135_24	8263	9354	-
24_9	GUT_GENOME066135_24	9387	11414	-
24_10	GUT_GENOME066135_24	11427	11984	-
24_11	GUT_GENOME066135_24	11950	12966	-
24_12	GUT_GENOME066135_24	13084	14214	-
24_13	GUT_GENOME066135_24	14404	15117	-
24_14	GUT_GENOME066135_24	15153	15938	-
24_15	GUT_GENOME066135_24	15966	16787	-
24_16	GUT_GENOME066135_24	16813	17148	-
25_1	GUT_GENOME066135_25	60	944	-
25_2	GUT_GENOME066135_25	955	1161	-
25_3	GUT_GENOME066135_25	1346	1714	-
25_4	GUT_GENOME066135_25	1711	2529	-
25_5	GUT_GENOME066135_25	2666	2845	+
25_6	GUT_GENOME066135_25	2893	4356	+
25_7	GUT_GENOME066135_25	4530	5057	-
25_8	GUT_GENOME066135_25	5130	6260	-
25_9	GUT_GENOME066135_25	6473	7699	-
25_10	GUT_GENOME066135_25	7881	9257	-
25_11	GUT_GENOME066135_25	9399	9905	-
25_12	GUT_GENOME066135_25	9908	10648	-
25_13	GUT_GENOME066135_25	10884	11333	+
25_14	GUT_GENOME066135_25	11361	12032	-
25_15	GUT_GENOME066135_25	12191	12901	-
25_16	GUT_GENOME066135_25	13032	14396	+
25_17	GUT_GENOME066135_25	14724	16730	-
25_18	GUT_GENOME066135_25	16808	17149	-
26_1	GUT_GENOME066135_26	123	332	+
26_2	GUT_GENOME066135_26	377	2818	-
26_3	GUT_GENOME066135_26	2815	3411	-
26_4	GUT_GENOME066135_26	3408	3893	-
26_5	GUT_GENOME066135_26	3884	5194	-
26_6	GUT_GENOME066135_26	5314	5871	-
26_7	GUT_GENOME066135_26	5864	6751	-
26_8	GUT_GENOME066135_26	6738	7448	-
26_9	GUT_GENOME066135_26	7503	7721	-
26_10	GUT_GENOME066135_26	7722	9695	-
26_11	GUT_GENOME066135_26	9688	10476	-
26_12	GUT_GENOME066135_26	10514	10864	-
26_13	GUT_GENOME066135_26	10996	12165	-
26_14	GUT_GENOME066135_26	12167	12757	-
26_15	GUT_GENOME066135_26	12764	13690	-
26_16	GUT_GENOME066135_26	13690	14175	-
26_17	GUT_GENOME066135_26	14172	15233	-
26_18	GUT_GENOME066135_26	15217	16083	-
26_19	GUT_GENOME066135_26	16152	16808	-
27_1	GUT_GENOME066135_27	3	1334	-
27_2	GUT_GENOME066135_27	1400	3283	-
27_3	GUT_GENOME066135_27	3280	3594	-
27_4	GUT_GENOME066135_27	3587	4624	-
27_5	GUT_GENOME066135_27	4722	5342	-
27_6	GUT_GENOME066135_27	5539	6219	-
27_7	GUT_GENOME066135_27	6241	6972	-
27_8	GUT_GENOME066135_27	7621	8970	+
27_9	GUT_GENOME066135_27	8970	9761	+
27_10	GUT_GENOME066135_27	9796	12321	-
27_11	GUT_GENOME066135_27	12458	13159	-
27_12	GUT_GENOME066135_27	13273	14097	-
27_13	GUT_GENOME066135_27	14100	14588	-
27_14	GUT_GENOME066135_27	14593	16113	-
28_1	GUT_GENOME066135_28	82	1413	+
28_2	GUT_GENOME066135_28	1446	2030	+
28_3	GUT_GENOME066135_28	2023	2301	+
28_4	GUT_GENOME066135_28	2397	3077	+
28_5	GUT_GENOME066135_28	3132	4463	+
28_6	GUT_GENOME066135_28	4513	5241	+
28_7	GUT_GENOME066135_28	5253	6125	+
28_8	GUT_GENOME066135_28	6245	7606	+
28_9	GUT_GENOME066135_28	7635	8909	+
28_10	GUT_GENOME066135_28	8909	9580	+
28_11	GUT_GENOME066135_28	9621	10199	+
28_12	GUT_GENOME066135_28	10206	10451	+
28_13	GUT_GENOME066135_28	10448	11245	+
28_14	GUT_GENOME066135_28	11272	12114	+
28_15	GUT_GENOME066135_28	12508	15294	+
29_1	GUT_GENOME066135_29	3	542	+
29_2	GUT_GENOME066135_29	532	1248	+
29_3	GUT_GENOME066135_29	1208	1867	+
29_4	GUT_GENOME066135_29	1871	2668	+
29_5	GUT_GENOME066135_29	2812	3258	+
29_6	GUT_GENOME066135_29	3589	4173	+
29_7	GUT_GENOME066135_29	4466	4981	+
29_8	GUT_GENOME066135_29	5060	5425	+
29_9	GUT_GENOME066135_29	5971	6996	+
29_10	GUT_GENOME066135_29	7042	7842	+
29_11	GUT_GENOME066135_29	7788	8252	+
29_12	GUT_GENOME066135_29	8308	9222	+
29_13	GUT_GENOME066135_29	9252	10277	+
29_14	GUT_GENOME066135_29	10332	11129	+
29_15	GUT_GENOME066135_29	11243	12022	+
29_16	GUT_GENOME066135_29	12154	12780	+
29_17	GUT_GENOME066135_29	12824	15151	+
30_1	GUT_GENOME066135_30	105	299	+
30_2	GUT_GENOME066135_30	582	950	+
30_3	GUT_GENOME066135_30	950	2620	+
30_4	GUT_GENOME066135_30	2791	3252	+
30_5	GUT_GENOME066135_30	3265	5370	+
30_6	GUT_GENOME066135_30	5564	6466	-
30_7	GUT_GENOME066135_30	6469	7449	-
30_8	GUT_GENOME066135_30	7557	8168	-
30_9	GUT_GENOME066135_30	8246	9376	-
30_10	GUT_GENOME066135_30	9387	9878	-
30_11	GUT_GENOME066135_30	9930	10880	-
30_12	GUT_GENOME066135_30	10978	12441	-
30_13	GUT_GENOME066135_30	12639	13682	-
30_14	GUT_GENOME066135_30	13809	15077	-
31_1	GUT_GENOME066135_31	118	789	+
31_2	GUT_GENOME066135_31	799	1671	+
31_3	GUT_GENOME066135_31	1815	2255	+
31_4	GUT_GENOME066135_31	2271	2480	+
31_5	GUT_GENOME066135_31	2554	4641	+
31_6	GUT_GENOME066135_31	4718	6496	+
31_7	GUT_GENOME066135_31	6622	7572	+
31_8	GUT_GENOME066135_31	7589	8959	+
31_9	GUT_GENOME066135_31	8969	9487	+
31_10	GUT_GENOME066135_31	9516	10808	+
31_11	GUT_GENOME066135_31	10850	11575	+
31_12	GUT_GENOME066135_31	11599	14193	-
31_13	GUT_GENOME066135_31	14239	15018	-
32_1	GUT_GENOME066135_32	96	1226	+
32_2	GUT_GENOME066135_32	1213	2229	+
32_3	GUT_GENOME066135_32	2323	3348	+
32_4	GUT_GENOME066135_32	3411	6392	+
32_5	GUT_GENOME066135_32	6559	7470	+
32_6	GUT_GENOME066135_32	7495	8781	-
32_7	GUT_GENOME066135_32	8805	9602	-
32_8	GUT_GENOME066135_32	9927	10679	+
32_9	GUT_GENOME066135_32	10867	11691	+
32_10	GUT_GENOME066135_32	11792	12943	+
32_11	GUT_GENOME066135_32	12979	14385	-
33_1	GUT_GENOME066135_33	220	1908	-
33_2	GUT_GENOME066135_33	2283	2729	+
33_3	GUT_GENOME066135_33	2719	3066	+
33_4	GUT_GENOME066135_33	3194	5677	+
33_5	GUT_GENOME066135_33	5747	6400	+
33_6	GUT_GENOME066135_33	6571	8457	+
33_7	GUT_GENOME066135_33	8493	9440	+
33_8	GUT_GENOME066135_33	9440	10030	+
33_9	GUT_GENOME066135_33	10068	11066	+
33_10	GUT_GENOME066135_33	11172	11606	+
33_11	GUT_GENOME066135_33	11693	12058	+
33_12	GUT_GENOME066135_33	12070	13455	+
33_13	GUT_GENOME066135_33	13520	13951	+
33_14	GUT_GENOME066135_33	13944	14213	-
34_1	GUT_GENOME066135_34	107	1114	-
34_2	GUT_GENOME066135_34	1139	2233	-
34_3	GUT_GENOME066135_34	2412	3257	-
34_4	GUT_GENOME066135_34	3378	3857	+
34_5	GUT_GENOME066135_34	3872	4021	+
34_6	GUT_GENOME066135_34	4018	5031	+
34_7	GUT_GENOME066135_34	5129	5971	+
34_8	GUT_GENOME066135_34	5964	7466	+
34_9	GUT_GENOME066135_34	7563	8831	+
34_10	GUT_GENOME066135_34	9134	10168	+
34_11	GUT_GENOME066135_34	10203	10997	-
34_12	GUT_GENOME066135_34	11213	12382	-
34_13	GUT_GENOME066135_34	12430	13626	-
35_1	GUT_GENOME066135_35	237	1244	+
35_2	GUT_GENOME066135_35	1334	2554	+
35_3	GUT_GENOME066135_35	2620	4047	+
35_4	GUT_GENOME066135_35	4068	6158	-
35_5	GUT_GENOME066135_35	6238	6705	-
35_6	GUT_GENOME066135_35	6830	8089	-
35_7	GUT_GENOME066135_35	8226	10649	+
35_8	GUT_GENOME066135_35	10731	11240	+
35_9	GUT_GENOME066135_35	11230	11634	+
35_10	GUT_GENOME066135_35	11651	12334	-
35_11	GUT_GENOME066135_35	12445	13512	-
36_1	GUT_GENOME066135_36	110	655	+
36_2	GUT_GENOME066135_36	731	1489	+
36_3	GUT_GENOME066135_36	1648	3042	+
36_4	GUT_GENOME066135_36	3125	4360	+
36_5	GUT_GENOME066135_36	4397	4633	+
36_6	GUT_GENOME066135_36	4573	4662	+
36_7	GUT_GENOME066135_36	4653	5468	+
36_8	GUT_GENOME066135_36	5553	6251	+
36_9	GUT_GENOME066135_36	6381	8051	+
36_10	GUT_GENOME066135_36	8065	8475	+
36_11	GUT_GENOME066135_36	8643	9500	+
36_12	GUT_GENOME066135_36	9643	10530	+
36_13	GUT_GENOME066135_36	10527	11288	+
36_14	GUT_GENOME066135_36	11281	11508	+
36_15	GUT_GENOME066135_36	11579	12499	+
36_16	GUT_GENOME066135_36	12611	12859	+
36_17	GUT_GENOME066135_36	13082	13543	-
37_1	GUT_GENOME066135_37	1	444	-
37_2	GUT_GENOME066135_37	823	1053	+
37_3	GUT_GENOME066135_37	1207	2010	-
37_4	GUT_GENOME066135_37	2012	2857	-
37_5	GUT_GENOME066135_37	2854	3687	-
37_6	GUT_GENOME066135_37	3753	4247	-
37_7	GUT_GENOME066135_37	4244	4843	-
37_8	GUT_GENOME066135_37	5035	6480	-
37_9	GUT_GENOME066135_37	6693	8948	-
37_10	GUT_GENOME066135_37	9092	9604	-
37_11	GUT_GENOME066135_37	9709	11070	-
37_12	GUT_GENOME066135_37	11218	12171	-
37_13	GUT_GENOME066135_37	12238	13428	-
38_1	GUT_GENOME066135_38	168	1289	+
38_2	GUT_GENOME066135_38	1320	1814	-
38_3	GUT_GENOME066135_38	1960	3399	+
38_4	GUT_GENOME066135_38	3426	4379	-
38_5	GUT_GENOME066135_38	4609	5430	+
38_6	GUT_GENOME066135_38	5427	9746	+
38_7	GUT_GENOME066135_38	9789	12086	-
38_8	GUT_GENOME066135_38	12270	12476	+
38_9	GUT_GENOME066135_38	12821	13453	+
39_1	GUT_GENOME066135_39	89	838	-
39_2	GUT_GENOME066135_39	831	1934	-
39_3	GUT_GENOME066135_39	1927	4020	-
39_4	GUT_GENOME066135_39	4004	5578	-
39_5	GUT_GENOME066135_39	5532	5954	-
39_6	GUT_GENOME066135_39	5961	8198	-
39_7	GUT_GENOME066135_39	8283	11801	-
39_8	GUT_GENOME066135_39	11791	12486	-
39_9	GUT_GENOME066135_39	12590	12979	-
40_1	GUT_GENOME066135_40	195	1874	+
40_2	GUT_GENOME066135_40	2133	2930	-
40_3	GUT_GENOME066135_40	2927	4027	-
40_4	GUT_GENOME066135_40	4049	5278	-
40_5	GUT_GENOME066135_40	5769	6554	+
40_6	GUT_GENOME066135_40	6554	7489	+
40_7	GUT_GENOME066135_40	7482	8201	+
40_8	GUT_GENOME066135_40	8230	8943	-
40_9	GUT_GENOME066135_40	8943	9902	-
40_10	GUT_GENOME066135_40	9893	10423	-
40_11	GUT_GENOME066135_40	10420	10806	-
40_12	GUT_GENOME066135_40	10917	11843	-
40_13	GUT_GENOME066135_40	11868	12923	-
41_1	GUT_GENOME066135_41	240	1892	+
41_2	GUT_GENOME066135_41	2365	2718	-
41_3	GUT_GENOME066135_41	2915	3400	-
41_4	GUT_GENOME066135_41	3475	3726	-
41_5	GUT_GENOME066135_41	3845	5830	-
41_6	GUT_GENOME066135_41	5919	6560	-
41_7	GUT_GENOME066135_41	6659	8377	-
41_8	GUT_GENOME066135_41	8409	10115	-
41_9	GUT_GENOME066135_41	10260	11255	-
41_10	GUT_GENOME066135_41	11252	12700	-
42_1	GUT_GENOME066135_42	33	1640	+
42_2	GUT_GENOME066135_42	1777	2568	+
42_3	GUT_GENOME066135_42	2714	3019	+
42_4	GUT_GENOME066135_42	3019	4491	+
42_5	GUT_GENOME066135_42	4493	5926	+
42_6	GUT_GENOME066135_42	5940	7295	-
42_7	GUT_GENOME066135_42	7422	7619	-
42_8	GUT_GENOME066135_42	7731	8249	+
42_9	GUT_GENOME066135_42	8239	8931	+
42_10	GUT_GENOME066135_42	8948	9400	+
42_11	GUT_GENOME066135_42	9490	10866	+
42_12	GUT_GENOME066135_42	10836	11438	+
42_13	GUT_GENOME066135_42	11533	12603	+
43_1	GUT_GENOME066135_43	114	1181	-
43_2	GUT_GENOME066135_43	1197	1997	-
43_3	GUT_GENOME066135_43	1997	2791	-
43_4	GUT_GENOME066135_43	2788	4059	-
43_5	GUT_GENOME066135_43	4767	5669	-
43_6	GUT_GENOME066135_43	5682	6590	-
43_7	GUT_GENOME066135_43	6740	7645	-
43_8	GUT_GENOME066135_43	7646	8098	-
43_9	GUT_GENOME066135_43	8241	9455	-
43_10	GUT_GENOME066135_43	9560	11053	-
43_11	GUT_GENOME066135_43	11126	11530	-
43_12	GUT_GENOME066135_43	11634	12512	-
44_1	GUT_GENOME066135_44	18	995	-
44_2	GUT_GENOME066135_44	1067	2545	-
44_3	GUT_GENOME066135_44	2557	3756	-
44_4	GUT_GENOME066135_44	3767	4795	-
44_5	GUT_GENOME066135_44	4853	6250	-
44_6	GUT_GENOME066135_44	6419	7168	-
44_7	GUT_GENOME066135_44	7179	8048	-
44_8	GUT_GENOME066135_44	8071	9360	-
44_9	GUT_GENOME066135_44	9547	10470	-
44_10	GUT_GENOME066135_44	10641	10919	+
44_11	GUT_GENOME066135_44	10963	11784	-
45_1	GUT_GENOME066135_45	73	2166	+
45_2	GUT_GENOME066135_45	2180	2917	+
45_3	GUT_GENOME066135_45	3006	4046	-
45_4	GUT_GENOME066135_45	4046	5140	-
45_5	GUT_GENOME066135_45	5142	6503	-
45_6	GUT_GENOME066135_45	6642	7379	-
45_7	GUT_GENOME066135_45	7380	8951	-
45_8	GUT_GENOME066135_45	9347	10837	-
45_9	GUT_GENOME066135_45	10925	11620	-
46_1	GUT_GENOME066135_46	3	896	+
46_2	GUT_GENOME066135_46	932	3073	-
46_3	GUT_GENOME066135_46	3200	3901	-
46_4	GUT_GENOME066135_46	3999	4904	-
46_5	GUT_GENOME066135_46	5076	5363	-
46_6	GUT_GENOME066135_46	5462	6883	-
46_7	GUT_GENOME066135_46	6904	7599	-
46_8	GUT_GENOME066135_46	7600	8676	-
46_9	GUT_GENOME066135_46	8698	9549	-
46_10	GUT_GENOME066135_46	10079	10948	-
47_1	GUT_GENOME066135_47	98	1891	+
47_2	GUT_GENOME066135_47	1910	2170	+
47_3	GUT_GENOME066135_47	2189	2461	+
47_4	GUT_GENOME066135_47	2539	3861	+
47_5	GUT_GENOME066135_47	4013	5005	+
47_6	GUT_GENOME066135_47	4998	5906	+
47_7	GUT_GENOME066135_47	5918	6313	+
47_8	GUT_GENOME066135_47	6339	7226	+
47_9	GUT_GENOME066135_47	7359	8489	+
47_10	GUT_GENOME066135_47	8807	9571	+
47_11	GUT_GENOME066135_47	9564	10364	+
47_12	GUT_GENOME066135_47	10357	10995	+
48_1	GUT_GENOME066135_48	47	709	-
48_2	GUT_GENOME066135_48	731	2017	-
48_3	GUT_GENOME066135_48	2020	2508	-
48_4	GUT_GENOME066135_48	2508	3581	-
48_5	GUT_GENOME066135_48	3583	4632	-
48_6	GUT_GENOME066135_48	4688	5062	-
48_7	GUT_GENOME066135_48	5028	5615	-
48_8	GUT_GENOME066135_48	5796	7034	-
48_9	GUT_GENOME066135_48	7097	7279	+
48_10	GUT_GENOME066135_48	7236	7751	-
48_11	GUT_GENOME066135_48	8232	8747	+
48_12	GUT_GENOME066135_48	8793	10103	-
48_13	GUT_GENOME066135_48	10121	10714	-
49_1	GUT_GENOME066135_49	1	1854	+
49_2	GUT_GENOME066135_49	1943	2722	+
49_3	GUT_GENOME066135_49	2743	4560	-
49_4	GUT_GENOME066135_49	4648	7050	-
49_5	GUT_GENOME066135_49	7123	8559	-
49_6	GUT_GENOME066135_49	8613	9758	-
49_7	GUT_GENOME066135_49	9748	10878	-
50_1	GUT_GENOME066135_50	78	2168	-
50_2	GUT_GENOME066135_50	2338	2709	-
50_3	GUT_GENOME066135_50	2702	4642	-
50_4	GUT_GENOME066135_50	4856	5323	-
50_5	GUT_GENOME066135_50	5343	5756	-
50_6	GUT_GENOME066135_50	6594	7880	+
50_7	GUT_GENOME066135_50	7916	9304	-
50_8	GUT_GENOME066135_50	9346	10242	-
51_1	GUT_GENOME066135_51	58	1275	-
51_2	GUT_GENOME066135_51	1393	1809	-
51_3	GUT_GENOME066135_51	1951	4554	-
51_4	GUT_GENOME066135_51	4714	5343	-
51_5	GUT_GENOME066135_51	5433	5873	-
51_6	GUT_GENOME066135_51	6020	6550	+
51_7	GUT_GENOME066135_51	6597	7763	-
51_8	GUT_GENOME066135_51	7962	10121	-
52_1	GUT_GENOME066135_52	699	1832	-
52_2	GUT_GENOME066135_52	1856	3169	-
52_3	GUT_GENOME066135_52	3166	4158	-
52_4	GUT_GENOME066135_52	4324	5022	-
52_5	GUT_GENOME066135_52	5117	5827	-
52_6	GUT_GENOME066135_52	5827	6690	-
52_7	GUT_GENOME066135_52	6904	8163	-
52_8	GUT_GENOME066135_52	8333	8695	+
52_9	GUT_GENOME066135_52	8968	10164	+
53_1	GUT_GENOME066135_53	120	1007	+
53_2	GUT_GENOME066135_53	1202	2653	+
53_3	GUT_GENOME066135_53	2716	4317	-
53_4	GUT_GENOME066135_53	4655	5896	-
53_5	GUT_GENOME066135_53	5899	6663	-
53_6	GUT_GENOME066135_53	6663	7607	-
53_7	GUT_GENOME066135_53	7753	8547	-
53_8	GUT_GENOME066135_53	8614	10074	-
54_1	GUT_GENOME066135_54	103	873	-
54_2	GUT_GENOME066135_54	885	1523	-
54_3	GUT_GENOME066135_54	1541	2572	-
54_4	GUT_GENOME066135_54	2992	3432	+
54_5	GUT_GENOME066135_54	3782	6379	+
54_6	GUT_GENOME066135_54	6417	7409	-
54_7	GUT_GENOME066135_54	7524	8333	-
54_8	GUT_GENOME066135_54	8409	10037	-
55_1	GUT_GENOME066135_55	77	466	-
55_2	GUT_GENOME066135_55	598	1206	-
55_3	GUT_GENOME066135_55	1355	1984	-
55_4	GUT_GENOME066135_55	2059	3186	-
55_5	GUT_GENOME066135_55	3277	4146	-
55_6	GUT_GENOME066135_55	4162	5082	-
55_7	GUT_GENOME066135_55	5108	6394	-
55_8	GUT_GENOME066135_55	6391	7050	-
55_9	GUT_GENOME066135_55	7059	7265	-
55_10	GUT_GENOME066135_55	7237	8118	-
55_11	GUT_GENOME066135_55	8409	9182	+
55_12	GUT_GENOME066135_55	9206	9400	+
55_13	GUT_GENOME066135_55	9464	10003	-
56_1	GUT_GENOME066135_56	49	954	+
56_2	GUT_GENOME066135_56	964	2460	+
56_3	GUT_GENOME066135_56	2477	3829	+
56_4	GUT_GENOME066135_56	3866	5281	-
56_5	GUT_GENOME066135_56	5912	6436	+
56_6	GUT_GENOME066135_56	6439	7725	+
56_7	GUT_GENOME066135_56	7825	8748	+
56_8	GUT_GENOME066135_56	8772	9836	+
57_1	GUT_GENOME066135_57	72	1184	-
57_2	GUT_GENOME066135_57	1207	1569	-
57_3	GUT_GENOME066135_57	1675	3606	-
57_4	GUT_GENOME066135_57	3624	4514	-
57_5	GUT_GENOME066135_57	4511	5572	-
57_6	GUT_GENOME066135_57	5802	7208	-
57_7	GUT_GENOME066135_57	7319	8392	-
57_8	GUT_GENOME066135_57	8666	9607	-
57_9	GUT_GENOME066135_57	9725	9817	+
58_1	GUT_GENOME066135_58	95	1945	-
58_2	GUT_GENOME066135_58	2040	3884	-
58_3	GUT_GENOME066135_58	4057	5451	-
58_4	GUT_GENOME066135_58	5448	6644	-
58_5	GUT_GENOME066135_58	6830	8173	-
58_6	GUT_GENOME066135_58	8222	9748	-
59_1	GUT_GENOME066135_59	88	465	+
59_2	GUT_GENOME066135_59	525	1046	+
59_3	GUT_GENOME066135_59	1215	1613	+
59_4	GUT_GENOME066135_59	1749	2522	+
59_5	GUT_GENOME066135_59	2519	3064	+
59_6	GUT_GENOME066135_59	3061	3984	+
59_7	GUT_GENOME066135_59	3977	4747	+
59_8	GUT_GENOME066135_59	4932	5822	+
59_9	GUT_GENOME066135_59	5828	6409	+
59_10	GUT_GENOME066135_59	6506	6952	-
59_11	GUT_GENOME066135_59	7062	8183	+
59_12	GUT_GENOME066135_59	8229	9557	+
60_1	GUT_GENOME066135_60	73	858	+
60_2	GUT_GENOME066135_60	913	1470	-
60_3	GUT_GENOME066135_60	1590	2309	-
60_4	GUT_GENOME066135_60	2302	2541	-
60_5	GUT_GENOME066135_60	2672	3517	+
60_6	GUT_GENOME066135_60	3552	5540	-
60_7	GUT_GENOME066135_60	5770	6630	+
60_8	GUT_GENOME066135_60	6664	7014	-
60_9	GUT_GENOME066135_60	7158	7400	+
60_10	GUT_GENOME066135_60	7462	8217	-
60_11	GUT_GENOME066135_60	8210	9076	-
61_1	GUT_GENOME066135_61	51	860	+
61_2	GUT_GENOME066135_61	850	1689	+
61_3	GUT_GENOME066135_61	1965	3116	+
61_4	GUT_GENOME066135_61	3131	4060	+
61_5	GUT_GENOME066135_61	4086	4943	+
61_6	GUT_GENOME066135_61	5062	5715	+
61_7	GUT_GENOME066135_61	5827	6876	+
61_8	GUT_GENOME066135_61	7033	7590	+
61_9	GUT_GENOME066135_61	7678	8079	+
61_10	GUT_GENOME066135_61	8072	9046	+
62_1	GUT_GENOME066135_62	3	341	+
62_2	GUT_GENOME066135_62	361	1389	+
62_3	GUT_GENOME066135_62	1376	2878	+
62_4	GUT_GENOME066135_62	2871	3254	+
62_5	GUT_GENOME066135_62	3333	4217	+
62_6	GUT_GENOME066135_62	4214	4393	+
62_7	GUT_GENOME066135_62	4422	5669	+
62_8	GUT_GENOME066135_62	5691	7265	+
62_9	GUT_GENOME066135_62	7258	8424	+
62_10	GUT_GENOME066135_62	8424	8810	+
62_11	GUT_GENOME066135_62	8800	9210	+
63_1	GUT_GENOME066135_63	127	1425	+
63_2	GUT_GENOME066135_63	1447	2259	+
63_3	GUT_GENOME066135_63	2487	2618	+
63_4	GUT_GENOME066135_63	2637	3650	-
63_5	GUT_GENOME066135_63	3735	4190	-
63_6	GUT_GENOME066135_63	4477	5121	+
63_7	GUT_GENOME066135_63	5195	6073	+
63_8	GUT_GENOME066135_63	6230	6676	+
63_9	GUT_GENOME066135_63	6698	8338	-
63_10	GUT_GENOME066135_63	8351	9208	-
64_1	GUT_GENOME066135_64	80	952	-
64_2	GUT_GENOME066135_64	952	2412	-
64_3	GUT_GENOME066135_64	2509	3681	-
64_4	GUT_GENOME066135_64	3717	4997	-
64_5	GUT_GENOME066135_64	5014	7638	-
64_6	GUT_GENOME066135_64	7669	9018	-
65_1	GUT_GENOME066135_65	44	682	+
65_2	GUT_GENOME066135_65	789	1628	-
65_3	GUT_GENOME066135_65	1642	2520	-
65_4	GUT_GENOME066135_65	2517	3137	-
65_5	GUT_GENOME066135_65	3130	3456	-
65_6	GUT_GENOME066135_65	3713	4060	+
65_7	GUT_GENOME066135_65	4085	6121	-
65_8	GUT_GENOME066135_65	6282	8249	-
65_9	GUT_GENOME066135_65	8546	9082	-
66_1	GUT_GENOME066135_66	26	1075	+
66_2	GUT_GENOME066135_66	1088	1942	+
66_3	GUT_GENOME066135_66	2043	2756	+
66_4	GUT_GENOME066135_66	2881	3675	+
66_5	GUT_GENOME066135_66	3711	4862	-
66_6	GUT_GENOME066135_66	4967	6127	+
66_7	GUT_GENOME066135_66	6131	7378	+
66_8	GUT_GENOME066135_66	7464	7736	+
66_9	GUT_GENOME066135_66	7813	8052	+
66_10	GUT_GENOME066135_66	8250	8648	+
67_1	GUT_GENOME066135_67	63	1448	+
67_2	GUT_GENOME066135_67	1438	2088	+
67_3	GUT_GENOME066135_67	2089	2646	+
67_4	GUT_GENOME066135_67	2631	3395	+
67_5	GUT_GENOME066135_67	3359	3970	+
67_6	GUT_GENOME066135_67	4077	5522	+
67_7	GUT_GENOME066135_67	5567	6457	+
67_8	GUT_GENOME066135_67	6454	7440	+
67_9	GUT_GENOME066135_67	7437	8357	+
67_10	GUT_GENOME066135_67	8354	8920	-
68_1	GUT_GENOME066135_68	3	2882	+
68_2	GUT_GENOME066135_68	2884	3087	+
68_3	GUT_GENOME066135_68	3201	4316	+
68_4	GUT_GENOME066135_68	4436	4999	+
68_5	GUT_GENOME066135_68	4996	8481	+
69_1	GUT_GENOME066135_69	102	1775	+
69_2	GUT_GENOME066135_69	1849	2766	+
69_3	GUT_GENOME066135_69	2782	3816	+
69_4	GUT_GENOME066135_69	3833	4894	+
69_5	GUT_GENOME066135_69	4894	5829	+
69_6	GUT_GENOME066135_69	5981	6424	+
69_7	GUT_GENOME066135_69	6532	8103	+
69_8	GUT_GENOME066135_69	8206	8289	-
70_1	GUT_GENOME066135_70	71	1066	+
70_2	GUT_GENOME066135_70	1099	2223	+
70_3	GUT_GENOME066135_70	2226	3206	+
70_4	GUT_GENOME066135_70	3199	4785	+
70_5	GUT_GENOME066135_70	4809	6230	+
70_6	GUT_GENOME066135_70	6265	7023	-
71_1	GUT_GENOME066135_71	83	301	+
71_2	GUT_GENOME066135_71	315	641	+
71_3	GUT_GENOME066135_71	665	1102	+
71_4	GUT_GENOME066135_71	1127	1390	+
71_5	GUT_GENOME066135_71	1412	1558	+
71_6	GUT_GENOME066135_71	1555	1830	-
71_7	GUT_GENOME066135_71	1936	2085	+
71_8	GUT_GENOME066135_71	2169	2402	+
71_9	GUT_GENOME066135_71	2395	3201	+
71_10	GUT_GENOME066135_71	3195	4103	+
71_11	GUT_GENOME066135_71	4336	4662	+
71_12	GUT_GENOME066135_71	4662	5468	+
71_13	GUT_GENOME066135_71	5452	5736	+
71_14	GUT_GENOME066135_71	5750	5899	+
71_15	GUT_GENOME066135_71	5896	6300	+
71_16	GUT_GENOME066135_71	6406	6687	+
71_17	GUT_GENOME066135_71	6684	6848	+
71_18	GUT_GENOME066135_71	6850	7107	+
71_19	GUT_GENOME066135_71	7111	7509	+
71_20	GUT_GENOME066135_71	7542	7919	-
72_1	GUT_GENOME066135_72	53	2626	+
72_2	GUT_GENOME066135_72	2726	3754	+
72_3	GUT_GENOME066135_72	3911	4177	+
72_4	GUT_GENOME066135_72	4186	5904	+
72_5	GUT_GENOME066135_72	6025	6321	-
72_6	GUT_GENOME066135_72	6646	7581	-
73_1	GUT_GENOME066135_73	87	2132	-
73_2	GUT_GENOME066135_73	2244	2783	-
73_3	GUT_GENOME066135_73	2776	4026	-
73_4	GUT_GENOME066135_73	4023	5324	-
73_5	GUT_GENOME066135_73	5305	6741	-
73_6	GUT_GENOME066135_73	6738	7019	-
73_7	GUT_GENOME066135_73	7016	7387	-
73_8	GUT_GENOME066135_73	7414	7686	-
74_1	GUT_GENOME066135_74	24	752	+
74_2	GUT_GENOME066135_74	781	1224	-
74_3	GUT_GENOME066135_74	1383	2240	+
74_4	GUT_GENOME066135_74	2292	3194	+
74_5	GUT_GENOME066135_74	3235	3690	-
74_6	GUT_GENOME066135_74	3758	4492	-
74_7	GUT_GENOME066135_74	4523	4936	-
74_8	GUT_GENOME066135_74	5471	6394	+
74_9	GUT_GENOME066135_74	6404	7189	+
74_10	GUT_GENOME066135_74	7320	7676	+
75_1	GUT_GENOME066135_75	215	694	-
75_2	GUT_GENOME066135_75	678	1232	-
75_3	GUT_GENOME066135_75	1229	1885	-
75_4	GUT_GENOME066135_75	2132	4459	-
75_5	GUT_GENOME066135_75	4606	4962	-
75_6	GUT_GENOME066135_75	5076	5705	-
75_7	GUT_GENOME066135_75	5860	7476	-
76_1	GUT_GENOME066135_76	67	1887	+
76_2	GUT_GENOME066135_76	1991	2674	+
76_3	GUT_GENOME066135_76	2729	3499	-
76_4	GUT_GENOME066135_76	3511	4980	-
76_5	GUT_GENOME066135_76	4996	6111	-
76_6	GUT_GENOME066135_76	6104	7387	-
77_1	GUT_GENOME066135_77	116	1702	+
77_2	GUT_GENOME066135_77	1766	2518	+
77_3	GUT_GENOME066135_77	2575	3171	+
77_4	GUT_GENOME066135_77	3164	4123	+
77_5	GUT_GENOME066135_77	4144	5742	-
77_6	GUT_GENOME066135_77	5838	7361	-
78_1	GUT_GENOME066135_78	3	881	+
78_2	GUT_GENOME066135_78	968	1813	-
78_3	GUT_GENOME066135_78	2120	2449	-
78_4	GUT_GENOME066135_78	2469	2873	-
78_5	GUT_GENOME066135_78	3125	3430	-
78_6	GUT_GENOME066135_78	3449	4468	-
78_7	GUT_GENOME066135_78	4407	5351	-
78_8	GUT_GENOME066135_78	5538	5714	-
78_9	GUT_GENOME066135_78	5839	7320	-
79_1	GUT_GENOME066135_79	1	1104	+
79_2	GUT_GENOME066135_79	1194	1901	+
79_3	GUT_GENOME066135_79	1941	3503	-
79_4	GUT_GENOME066135_79	3490	4188	-
79_5	GUT_GENOME066135_79	4363	4698	+
79_6	GUT_GENOME066135_79	4723	4911	+
79_7	GUT_GENOME066135_79	4904	5791	+
79_8	GUT_GENOME066135_79	5788	6537	+
80_1	GUT_GENOME066135_80	146	3244	+
80_2	GUT_GENOME066135_80	3379	4008	+
80_3	GUT_GENOME066135_80	4059	5390	+
80_4	GUT_GENOME066135_80	5564	6661	+
80_5	GUT_GENOME066135_80	6609	7265	-
81_1	GUT_GENOME066135_81	3	617	+
81_2	GUT_GENOME066135_81	721	2211	+
81_3	GUT_GENOME066135_81	2249	2992	-
81_4	GUT_GENOME066135_81	3088	3996	-
81_5	GUT_GENOME066135_81	4007	4897	-
81_6	GUT_GENOME066135_81	4894	6039	-
81_7	GUT_GENOME066135_81	6029	7171	-
82_1	GUT_GENOME066135_82	73	252	-
82_2	GUT_GENOME066135_82	316	1251	-
82_3	GUT_GENOME066135_82	1423	1779	-
82_4	GUT_GENOME066135_82	1822	4545	-
82_5	GUT_GENOME066135_82	4564	4869	-
82_6	GUT_GENOME066135_82	4871	5176	-
82_7	GUT_GENOME066135_82	5202	6329	-
82_8	GUT_GENOME066135_82	6421	6897	-
83_1	GUT_GENOME066135_83	88	1389	+
83_2	GUT_GENOME066135_83	1437	2117	-
83_3	GUT_GENOME066135_83	2120	3193	-
83_4	GUT_GENOME066135_83	3229	3792	-
83_5	GUT_GENOME066135_83	4018	4221	+
83_6	GUT_GENOME066135_83	4262	6346	-
83_7	GUT_GENOME066135_83	6324	7013	-
84_1	GUT_GENOME066135_84	418	978	-
84_2	GUT_GENOME066135_84	1519	2454	-
84_3	GUT_GENOME066135_84	2540	3196	+
84_4	GUT_GENOME066135_84	3304	4443	-
84_5	GUT_GENOME066135_84	4512	4796	-
84_6	GUT_GENOME066135_84	4905	6356	+
84_7	GUT_GENOME066135_84	6346	6528	+
84_8	GUT_GENOME066135_84	6540	6920	-
85_1	GUT_GENOME066135_85	29	1549	-
85_2	GUT_GENOME066135_85	1857	4136	+
85_3	GUT_GENOME066135_85	4194	4799	+
85_4	GUT_GENOME066135_85	4783	6135	+
85_5	GUT_GENOME066135_85	6128	6529	+
85_6	GUT_GENOME066135_85	6615	6986	+
86_1	GUT_GENOME066135_86	281	703	+
86_2	GUT_GENOME066135_86	876	1706	+
86_3	GUT_GENOME066135_86	1783	2232	+
86_4	GUT_GENOME066135_86	2222	3487	+
86_5	GUT_GENOME066135_86	3491	4918	+
86_6	GUT_GENOME066135_86	5109	6629	+
86_7	GUT_GENOME066135_86	6619	6783	+
86_8	GUT_GENOME066135_86	6831	6998	+
87_1	GUT_GENOME066135_87	59	532	+
87_2	GUT_GENOME066135_87	555	1823	+
87_3	GUT_GENOME066135_87	1835	3628	-
87_4	GUT_GENOME066135_87	4003	4176	+
87_5	GUT_GENOME066135_87	4207	4356	+
87_6	GUT_GENOME066135_87	4490	5710	-
87_7	GUT_GENOME066135_87	5963	6838	+
88_1	GUT_GENOME066135_88	2	244	+
88_2	GUT_GENOME066135_88	258	599	+
88_3	GUT_GENOME066135_88	599	1114	+
88_4	GUT_GENOME066135_88	1116	1547	+
88_5	GUT_GENOME066135_88	1540	1725	+
88_6	GUT_GENOME066135_88	1725	2801	+
88_7	GUT_GENOME066135_88	2779	3162	+
88_8	GUT_GENOME066135_88	3173	3631	+
88_9	GUT_GENOME066135_88	3657	4064	+
88_10	GUT_GENOME066135_88	4353	6947	+
89_1	GUT_GENOME066135_89	174	2024	-
89_2	GUT_GENOME066135_89	2051	3298	-
89_3	GUT_GENOME066135_89	3475	4269	-
89_4	GUT_GENOME066135_89	4266	5003	-
89_5	GUT_GENOME066135_89	5202	5534	-
89_6	GUT_GENOME066135_89	5609	6256	-
89_7	GUT_GENOME066135_89	6253	6732	-
90_1	GUT_GENOME066135_90	141	554	+
90_2	GUT_GENOME066135_90	567	2360	+
90_3	GUT_GENOME066135_90	2357	3130	+
90_4	GUT_GENOME066135_90	3177	4100	-
90_5	GUT_GENOME066135_90	4097	4906	-
90_6	GUT_GENOME066135_90	5382	6716	+
91_1	GUT_GENOME066135_91	56	772	-
91_2	GUT_GENOME066135_91	759	1337	-
91_3	GUT_GENOME066135_91	1321	2061	-
91_4	GUT_GENOME066135_91	2058	2786	-
91_5	GUT_GENOME066135_91	2743	3207	-
91_6	GUT_GENOME066135_91	3227	3736	-
91_7	GUT_GENOME066135_91	3772	5184	-
91_8	GUT_GENOME066135_91	5212	5451	-
91_9	GUT_GENOME066135_91	5572	6594	-
92_1	GUT_GENOME066135_92	73	768	+
92_2	GUT_GENOME066135_92	840	2396	+
92_3	GUT_GENOME066135_92	2432	3130	-
92_4	GUT_GENOME066135_92	3226	3741	-
92_5	GUT_GENOME066135_92	3874	5484	-
92_6	GUT_GENOME066135_92	5494	5823	-
92_7	GUT_GENOME066135_92	5936	6673	-
93_1	GUT_GENOME066135_93	64	666	+
93_2	GUT_GENOME066135_93	690	1763	+
93_3	GUT_GENOME066135_93	1763	2299	+
93_4	GUT_GENOME066135_93	2319	3140	+
93_5	GUT_GENOME066135_93	3141	3569	+
93_6	GUT_GENOME066135_93	3570	4172	+
93_7	GUT_GENOME066135_93	4286	5527	+
93_8	GUT_GENOME066135_93	5695	6306	+
93_9	GUT_GENOME066135_93	6338	6613	-
94_1	GUT_GENOME066135_94	3	2174	+
94_2	GUT_GENOME066135_94	2343	4178	+
94_3	GUT_GENOME066135_94	4375	4572	+
94_4	GUT_GENOME066135_94	4681	5241	+
94_5	GUT_GENOME066135_94	5288	6565	+
95_1	GUT_GENOME066135_95	40	789	-
95_2	GUT_GENOME066135_95	874	2817	-
95_3	GUT_GENOME066135_95	2948	4096	-
95_4	GUT_GENOME066135_95	4231	4965	+
95_5	GUT_GENOME066135_95	4976	6154	-
96_1	GUT_GENOME066135_96	3	77	+
96_2	GUT_GENOME066135_96	98	1027	+
96_3	GUT_GENOME066135_96	1017	2288	+
96_4	GUT_GENOME066135_96	2309	3082	+
96_5	GUT_GENOME066135_96	3082	5031	+
96_6	GUT_GENOME066135_96	5112	5381	-
96_7	GUT_GENOME066135_96	5525	6316	-
97_1	GUT_GENOME066135_97	90	1745	+
97_2	GUT_GENOME066135_97	1855	5592	+
97_3	GUT_GENOME066135_97	5594	6226	+
98_1	GUT_GENOME066135_98	56	454	+
98_2	GUT_GENOME066135_98	438	794	+
98_3	GUT_GENOME066135_98	853	1371	-
98_4	GUT_GENOME066135_98	1500	2063	-
98_5	GUT_GENOME066135_98	2413	3093	+
98_6	GUT_GENOME066135_98	3080	3892	+
98_7	GUT_GENOME066135_98	4106	4987	+
98_8	GUT_GENOME066135_98	5511	6269	-
99_1	GUT_GENOME066135_99	127	1071	-
99_2	GUT_GENOME066135_99	1068	1844	-
99_3	GUT_GENOME066135_99	1922	2710	+
99_4	GUT_GENOME066135_99	2899	3435	+
99_5	GUT_GENOME066135_99	3448	3927	+
99_6	GUT_GENOME066135_99	4037	4393	+
99_7	GUT_GENOME066135_99	4468	4683	-
99_8	GUT_GENOME066135_99	4732	5997	-
100_1	GUT_GENOME066135_100	104	742	+
100_2	GUT_GENOME066135_100	897	1571	+
100_3	GUT_GENOME066135_100	1901	4102	+
100_4	GUT_GENOME066135_100	4117	4452	+
100_5	GUT_GENOME066135_100	4540	5700	-
100_6	GUT_GENOME066135_100	6148	6225	-
101_1	GUT_GENOME066135_101	90	524	+
101_2	GUT_GENOME066135_101	571	1839	-
101_3	GUT_GENOME066135_101	1832	2731	-
101_4	GUT_GENOME066135_101	2871	4061	-
101_5	GUT_GENOME066135_101	4276	4707	-
101_6	GUT_GENOME066135_101	4851	6164	-
102_1	GUT_GENOME066135_102	108	587	+
102_2	GUT_GENOME066135_102	662	1258	-
102_3	GUT_GENOME066135_102	1373	2176	-
102_4	GUT_GENOME066135_102	2186	2818	-
102_5	GUT_GENOME066135_102	3019	5637	+
103_1	GUT_GENOME066135_103	2	397	-
103_2	GUT_GENOME066135_103	510	857	-
103_3	GUT_GENOME066135_103	966	2744	-
103_4	GUT_GENOME066135_103	2903	3685	-
103_5	GUT_GENOME066135_103	3759	5792	-
103_6	GUT_GENOME066135_103	5806	6129	-
104_1	GUT_GENOME066135_104	187	1812	-
104_2	GUT_GENOME066135_104	1916	2971	+
104_3	GUT_GENOME066135_104	3023	4120	+
104_4	GUT_GENOME066135_104	4328	5020	+
104_5	GUT_GENOME066135_104	4968	5948	+
105_1	GUT_GENOME066135_105	2	514	-
105_2	GUT_GENOME066135_105	621	1973	-
105_3	GUT_GENOME066135_105	2016	2780	-
105_4	GUT_GENOME066135_105	2946	3716	-
105_5	GUT_GENOME066135_105	3713	4390	-
105_6	GUT_GENOME066135_105	4383	5027	-
105_7	GUT_GENOME066135_105	5029	5682	-
105_8	GUT_GENOME066135_105	5765	5932	-
106_1	GUT_GENOME066135_106	204	665	-
106_2	GUT_GENOME066135_106	745	1236	-
106_3	GUT_GENOME066135_106	1236	1970	-
106_4	GUT_GENOME066135_106	1967	2638	-
106_5	GUT_GENOME066135_106	2876	3643	+
106_6	GUT_GENOME066135_106	3657	5129	+
106_7	GUT_GENOME066135_106	5132	5815	+
107_1	GUT_GENOME066135_107	170	1012	+
107_2	GUT_GENOME066135_107	1227	1712	+
107_3	GUT_GENOME066135_107	1731	2468	-
107_4	GUT_GENOME066135_107	2570	5275	-
107_5	GUT_GENOME066135_107	5321	5851	-
108_1	GUT_GENOME066135_108	138	2240	+
108_2	GUT_GENOME066135_108	2354	2893	-
108_3	GUT_GENOME066135_108	3099	3341	+
108_4	GUT_GENOME066135_108	3374	3931	+
108_5	GUT_GENOME066135_108	3943	4128	+
108_6	GUT_GENOME066135_108	4160	4672	+
108_7	GUT_GENOME066135_108	4707	5864	-
109_1	GUT_GENOME066135_109	2	619	-
109_2	GUT_GENOME066135_109	612	1205	-
109_3	GUT_GENOME066135_109	1209	1517	-
109_4	GUT_GENOME066135_109	1532	2767	-
109_5	GUT_GENOME066135_109	2770	3897	-
109_6	GUT_GENOME066135_109	4023	5753	-
110_1	GUT_GENOME066135_110	3	494	+
110_2	GUT_GENOME066135_110	506	1717	+
110_3	GUT_GENOME066135_110	1766	2404	-
110_4	GUT_GENOME066135_110	2406	2828	-
110_5	GUT_GENOME066135_110	2976	3491	+
110_6	GUT_GENOME066135_110	3517	4137	-
110_7	GUT_GENOME066135_110	4127	4582	-
110_8	GUT_GENOME066135_110	4708	5688	-
111_1	GUT_GENOME066135_111	3	458	+
111_2	GUT_GENOME066135_111	540	1070	+
111_3	GUT_GENOME066135_111	1173	1802	+
111_4	GUT_GENOME066135_111	2001	2120	-
111_5	GUT_GENOME066135_111	2145	3185	+
111_6	GUT_GENOME066135_111	3234	5642	+
112_1	GUT_GENOME066135_112	66	491	+
112_2	GUT_GENOME066135_112	493	1092	+
112_3	GUT_GENOME066135_112	1214	2635	+
112_4	GUT_GENOME066135_112	2737	3666	-
112_5	GUT_GENOME066135_112	3663	4517	-
112_6	GUT_GENOME066135_112	4524	5258	-
113_1	GUT_GENOME066135_113	131	424	-
113_2	GUT_GENOME066135_113	617	1234	+
113_3	GUT_GENOME066135_113	1231	2211	+
113_4	GUT_GENOME066135_113	2236	2871	+
113_5	GUT_GENOME066135_113	2951	3754	+
113_6	GUT_GENOME066135_113	3816	4406	+
113_7	GUT_GENOME066135_113	4408	4803	+
113_8	GUT_GENOME066135_113	4821	5426	+
114_1	GUT_GENOME066135_114	1	741	+
114_2	GUT_GENOME066135_114	761	1405	+
114_3	GUT_GENOME066135_114	1525	1974	+
114_4	GUT_GENOME066135_114	2245	3600	+
114_5	GUT_GENOME066135_114	3747	4415	+
114_6	GUT_GENOME066135_114	4628	5437	-
115_1	GUT_GENOME066135_115	171	1034	-
115_2	GUT_GENOME066135_115	1283	2614	+
115_3	GUT_GENOME066135_115	2624	3313	+
115_4	GUT_GENOME066135_115	3357	4607	-
115_5	GUT_GENOME066135_115	4604	5215	-
116_1	GUT_GENOME066135_116	1	1185	+
116_2	GUT_GENOME066135_116	1230	4547	+
116_3	GUT_GENOME066135_116	4540	5223	+
117_1	GUT_GENOME066135_117	1	4965	+
118_1	GUT_GENOME066135_118	85	1131	+
118_2	GUT_GENOME066135_118	1205	2749	+
118_3	GUT_GENOME066135_118	2975	3952	+
118_4	GUT_GENOME066135_118	4053	5051	+
119_1	GUT_GENOME066135_119	25	243	+
119_2	GUT_GENOME066135_119	240	659	+
119_3	GUT_GENOME066135_119	713	2881	+
119_4	GUT_GENOME066135_119	2896	3882	+
119_5	GUT_GENOME066135_119	3929	5050	-
120_1	GUT_GENOME066135_120	104	832	+
120_2	GUT_GENOME066135_120	935	1498	+
120_3	GUT_GENOME066135_120	1486	2988	+
120_4	GUT_GENOME066135_120	3038	4207	+
120_5	GUT_GENOME066135_120	4256	4786	-
121_1	GUT_GENOME066135_121	44	1246	+
121_2	GUT_GENOME066135_121	1239	2963	+
121_3	GUT_GENOME066135_121	3106	3804	+
121_4	GUT_GENOME066135_121	3891	4742	+
122_1	GUT_GENOME066135_122	62	736	+
122_2	GUT_GENOME066135_122	740	1672	+
122_3	GUT_GENOME066135_122	1691	2332	+
122_4	GUT_GENOME066135_122	2326	2748	+
122_5	GUT_GENOME066135_122	2892	3920	+
122_6	GUT_GENOME066135_122	4036	4872	+
123_1	GUT_GENOME066135_123	93	1805	+
123_2	GUT_GENOME066135_123	1974	2966	+
123_3	GUT_GENOME066135_123	3074	3748	-
123_4	GUT_GENOME066135_123	3738	4922	-
124_1	GUT_GENOME066135_124	46	1038	-
124_2	GUT_GENOME066135_124	1126	3420	-
124_3	GUT_GENOME066135_124	3417	3797	-
124_4	GUT_GENOME066135_124	3830	4771	-
125_1	GUT_GENOME066135_125	108	431	-
125_2	GUT_GENOME066135_125	446	874	-
125_3	GUT_GENOME066135_125	874	1140	-
125_4	GUT_GENOME066135_125	1319	2230	-
125_5	GUT_GENOME066135_125	2380	2514	-
125_6	GUT_GENOME066135_125	2635	3546	-
125_7	GUT_GENOME066135_125	3571	4386	-
125_8	GUT_GENOME066135_125	4383	4751	-
126_1	GUT_GENOME066135_126	52	1584	+
126_2	GUT_GENOME066135_126	1888	2388	+
126_3	GUT_GENOME066135_126	2597	3094	+
126_4	GUT_GENOME066135_126	3094	3315	+
126_5	GUT_GENOME066135_126	3378	3527	+
126_6	GUT_GENOME066135_126	3517	3753	+
126_7	GUT_GENOME066135_126	3818	4738	-
127_1	GUT_GENOME066135_127	2	643	+
127_2	GUT_GENOME066135_127	745	2838	-
127_3	GUT_GENOME066135_127	2892	4625	-
128_1	GUT_GENOME066135_128	169	945	-
128_2	GUT_GENOME066135_128	947	1966	-
128_3	GUT_GENOME066135_128	1944	2885	-
128_4	GUT_GENOME066135_128	3367	4332	+
129_1	GUT_GENOME066135_129	62	754	+
129_2	GUT_GENOME066135_129	882	1520	+
129_3	GUT_GENOME066135_129	1610	2503	-
129_4	GUT_GENOME066135_129	2614	3441	-
129_5	GUT_GENOME066135_129	3491	4615	-
130_1	GUT_GENOME066135_130	115	1398	-
130_2	GUT_GENOME066135_130	1553	1738	-
130_3	GUT_GENOME066135_130	1731	3014	-
130_4	GUT_GENOME066135_130	3087	3875	-
130_5	GUT_GENOME066135_130	3841	4122	-
130_6	GUT_GENOME066135_130	4146	4430	-
131_1	GUT_GENOME066135_131	54	902	+
131_2	GUT_GENOME066135_131	889	2364	+
131_3	GUT_GENOME066135_131	2401	2820	-
131_4	GUT_GENOME066135_131	2921	3496	-
131_5	GUT_GENOME066135_131	3543	3740	-
131_6	GUT_GENOME066135_131	3730	4104	-
131_7	GUT_GENOME066135_131	4154	4567	-
132_1	GUT_GENOME066135_132	77	1003	+
132_2	GUT_GENOME066135_132	1102	1728	-
132_3	GUT_GENOME066135_132	1732	3816	-
132_4	GUT_GENOME066135_132	3848	4525	-
133_1	GUT_GENOME066135_133	109	573	+
133_2	GUT_GENOME066135_133	598	1551	+
133_3	GUT_GENOME066135_133	1555	2310	+
133_4	GUT_GENOME066135_133	2436	4493	+
134_1	GUT_GENOME066135_134	33	953	-
134_2	GUT_GENOME066135_134	1189	1794	+
134_3	GUT_GENOME066135_134	1791	3083	+
134_4	GUT_GENOME066135_134	3083	3277	+
134_5	GUT_GENOME066135_134	3349	4011	+
134_6	GUT_GENOME066135_134	3998	4390	+
135_1	GUT_GENOME066135_135	20	844	-
135_2	GUT_GENOME066135_135	841	1980	-
135_3	GUT_GENOME066135_135	1973	3406	-
135_4	GUT_GENOME066135_135	3403	4347	-
136_1	GUT_GENOME066135_136	29	1318	-
136_2	GUT_GENOME066135_136	1305	1547	-
136_3	GUT_GENOME066135_136	1575	2789	-
136_4	GUT_GENOME066135_136	2789	4291	-
137_1	GUT_GENOME066135_137	22	4290	-
138_1	GUT_GENOME066135_138	102	701	+
138_2	GUT_GENOME066135_138	802	4221	-
139_1	GUT_GENOME066135_139	185	1372	+
139_2	GUT_GENOME066135_139	1478	1666	+
139_3	GUT_GENOME066135_139	1681	2352	+
139_4	GUT_GENOME066135_139	2398	4341	-
140_1	GUT_GENOME066135_140	3	1169	+
140_2	GUT_GENOME066135_140	1169	2410	+
140_3	GUT_GENOME066135_140	2609	4258	+
141_1	GUT_GENOME066135_141	101	667	-
141_2	GUT_GENOME066135_141	723	3908	-
142_1	GUT_GENOME066135_142	221	805	-
142_2	GUT_GENOME066135_142	830	3265	-
142_3	GUT_GENOME066135_142	3524	4057	-
143_1	GUT_GENOME066135_143	90	404	+
143_2	GUT_GENOME066135_143	433	780	+
143_3	GUT_GENOME066135_143	773	2026	+
143_4	GUT_GENOME066135_143	2051	3505	+
143_5	GUT_GENOME066135_143	3587	4159	+
144_1	GUT_GENOME066135_144	22	1191	-
144_2	GUT_GENOME066135_144	1326	1679	-
144_3	GUT_GENOME066135_144	1934	3916	+
145_1	GUT_GENOME066135_145	76	885	+
145_2	GUT_GENOME066135_145	894	2195	+
145_3	GUT_GENOME066135_145	2356	3327	+
145_4	GUT_GENOME066135_145	3362	4039	+
146_1	GUT_GENOME066135_146	2	517	+
146_2	GUT_GENOME066135_146	514	2502	+
146_3	GUT_GENOME066135_146	2530	2988	-
146_4	GUT_GENOME066135_146	3265	3963	-
147_1	GUT_GENOME066135_147	177	1484	+
147_2	GUT_GENOME066135_147	1539	1874	+
147_3	GUT_GENOME066135_147	1893	2981	+
147_4	GUT_GENOME066135_147	2991	3884	+
148_1	GUT_GENOME066135_148	48	2804	-
148_2	GUT_GENOME066135_148	3173	3754	-
149_1	GUT_GENOME066135_149	87	1934	-
149_2	GUT_GENOME066135_149	1956	3092	-
149_3	GUT_GENOME066135_149	3568	3975	-
150_1	GUT_GENOME066135_150	2	478	+
150_2	GUT_GENOME066135_150	606	2969	+
150_3	GUT_GENOME066135_150	2966	4006	+
151_1	GUT_GENOME066135_151	167	1216	-
151_2	GUT_GENOME066135_151	1229	1831	-
151_3	GUT_GENOME066135_151	2099	3016	+
151_4	GUT_GENOME066135_151	2979	3821	-
152_1	GUT_GENOME066135_152	61	1059	+
152_2	GUT_GENOME066135_152	1072	2406	+
152_3	GUT_GENOME066135_152	2457	2681	+
152_4	GUT_GENOME066135_152	2710	3777	-
153_1	GUT_GENOME066135_153	3	1295	+
153_2	GUT_GENOME066135_153	1332	2018	+
153_3	GUT_GENOME066135_153	2011	2760	+
153_4	GUT_GENOME066135_153	2775	3809	+
154_1	GUT_GENOME066135_154	119	772	+
154_2	GUT_GENOME066135_154	772	1167	+
154_3	GUT_GENOME066135_154	1177	2562	+
154_4	GUT_GENOME066135_154	2656	3006	+
154_5	GUT_GENOME066135_154	3197	3322	+
154_6	GUT_GENOME066135_154	3474	3704	+
155_1	GUT_GENOME066135_155	65	1693	-
155_2	GUT_GENOME066135_155	1795	2220	-
155_3	GUT_GENOME066135_155	2442	3758	-
156_1	GUT_GENOME066135_156	97	1053	+
156_2	GUT_GENOME066135_156	1318	1521	+
156_3	GUT_GENOME066135_156	1511	1732	+
156_4	GUT_GENOME066135_156	1917	3680	+
157_1	GUT_GENOME066135_157	1	990	-
157_2	GUT_GENOME066135_157	990	2060	-
157_3	GUT_GENOME066135_157	2044	3573	-
158_1	GUT_GENOME066135_158	102	281	+
158_2	GUT_GENOME066135_158	326	1615	-
158_3	GUT_GENOME066135_158	1754	2452	+
158_4	GUT_GENOME066135_158	2445	2996	+
158_5	GUT_GENOME066135_158	3000	3581	+
159_1	GUT_GENOME066135_159	3	539	+
159_2	GUT_GENOME066135_159	681	1421	+
159_3	GUT_GENOME066135_159	1414	2433	+
159_4	GUT_GENOME066135_159	2459	3085	-
159_5	GUT_GENOME066135_159	3430	3654	+
160_1	GUT_GENOME066135_160	238	2139	+
160_2	GUT_GENOME066135_160	2160	3557	+
161_1	GUT_GENOME066135_161	3	2192	+
161_2	GUT_GENOME066135_161	2238	3581	+
162_1	GUT_GENOME066135_162	1	774	+
162_2	GUT_GENOME066135_162	817	1242	-
162_3	GUT_GENOME066135_162	1266	1919	-
162_4	GUT_GENOME066135_162	2062	3513	-
163_1	GUT_GENOME066135_163	22	885	-
163_2	GUT_GENOME066135_163	909	1313	-
163_3	GUT_GENOME066135_163	1304	1888	-
163_4	GUT_GENOME066135_163	1888	2649	-
163_5	GUT_GENOME066135_163	2618	3133	-
163_6	GUT_GENOME066135_163	3143	3349	-
164_1	GUT_GENOME066135_164	104	2122	-
164_2	GUT_GENOME066135_164	2365	3447	-
165_1	GUT_GENOME066135_165	5	3082	+
165_2	GUT_GENOME066135_165	3179	3280	+
165_3	GUT_GENOME066135_165	3355	3519	+
166_1	GUT_GENOME066135_166	1	807	-
166_2	GUT_GENOME066135_166	961	3441	-
167_1	GUT_GENOME066135_167	104	1084	-
167_2	GUT_GENOME066135_167	1246	1869	-
167_3	GUT_GENOME066135_167	2115	3110	+
167_4	GUT_GENOME066135_167	3323	3406	-
168_1	GUT_GENOME066135_168	2	361	+
168_2	GUT_GENOME066135_168	414	1916	-
168_3	GUT_GENOME066135_168	2093	3406	-
169_1	GUT_GENOME066135_169	40	705	+
169_2	GUT_GENOME066135_169	817	1770	-
169_3	GUT_GENOME066135_169	1798	2352	-
169_4	GUT_GENOME066135_169	2534	3322	+
170_1	GUT_GENOME066135_170	3	809	+
170_2	GUT_GENOME066135_170	831	1319	+
170_3	GUT_GENOME066135_170	1334	3172	-
171_1	GUT_GENOME066135_171	95	1246	-
171_2	GUT_GENOME066135_171	1342	2514	-
171_3	GUT_GENOME066135_171	2524	3102	-
172_1	GUT_GENOME066135_172	112	288	+
172_2	GUT_GENOME066135_172	269	1546	-
172_3	GUT_GENOME066135_172	1564	3186	-
173_1	GUT_GENOME066135_173	2	400	+
173_2	GUT_GENOME066135_173	401	1132	+
173_3	GUT_GENOME066135_173	1120	2205	+
173_4	GUT_GENOME066135_173	2245	2958	+
174_1	GUT_GENOME066135_174	196	705	+
174_2	GUT_GENOME066135_174	650	3079	+
175_1	GUT_GENOME066135_175	74	826	+
175_2	GUT_GENOME066135_175	813	1850	+
175_3	GUT_GENOME066135_175	1865	3118	+
176_1	GUT_GENOME066135_176	1	606	+
176_2	GUT_GENOME066135_176	665	2194	+
176_3	GUT_GENOME066135_176	2359	2976	+
177_1	GUT_GENOME066135_177	110	2725	+
178_1	GUT_GENOME066135_178	3	1571	+
178_2	GUT_GENOME066135_178	1603	2265	+
178_3	GUT_GENOME066135_178	2300	2989	-
179_1	GUT_GENOME066135_179	47	1405	-
179_2	GUT_GENOME066135_179	1407	1766	-
179_3	GUT_GENOME066135_179	1786	2397	-
179_4	GUT_GENOME066135_179	2626	2895	+
180_1	GUT_GENOME066135_180	46	495	+
180_2	GUT_GENOME066135_180	492	2018	+
180_3	GUT_GENOME066135_180	2018	2734	+
181_1	GUT_GENOME066135_181	77	1372	-
181_2	GUT_GENOME066135_181	1484	2173	-
181_3	GUT_GENOME066135_181	2536	2787	-
182_1	GUT_GENOME066135_182	96	503	-
182_2	GUT_GENOME066135_182	860	2353	-
182_3	GUT_GENOME066135_182	2412	2552	-
183_1	GUT_GENOME066135_183	413	985	+
183_2	GUT_GENOME066135_183	1177	1689	+
183_3	GUT_GENOME066135_183	1725	2678	+
184_1	GUT_GENOME066135_184	233	1216	+
184_2	GUT_GENOME066135_184	1270	1869	+
184_3	GUT_GENOME066135_184	1881	2615	+
185_1	GUT_GENOME066135_185	3	854	-
185_2	GUT_GENOME066135_185	954	2570	-
185_3	GUT_GENOME066135_185	2582	2698	-
186_1	GUT_GENOME066135_186	59	1933	-
186_2	GUT_GENOME066135_186	2088	2636	-
187_1	GUT_GENOME066135_187	113	901	+
187_2	GUT_GENOME066135_187	1157	2515	+
187_3	GUT_GENOME066135_187	2519	2653	+
188_1	GUT_GENOME066135_188	126	965	-
188_2	GUT_GENOME066135_188	1105	1545	-
188_3	GUT_GENOME066135_188	1686	2540	-
189_1	GUT_GENOME066135_189	1	2052	+
189_2	GUT_GENOME066135_189	2055	2552	+
190_1	GUT_GENOME066135_190	248	1276	+
190_2	GUT_GENOME066135_190	1277	1855	+
190_3	GUT_GENOME066135_190	1865	1990	-
190_4	GUT_GENOME066135_190	2022	2417	-
191_1	GUT_GENOME066135_191	238	1611	-
191_2	GUT_GENOME066135_191	1678	1959	-
191_3	GUT_GENOME066135_191	1960	2499	-
192_1	GUT_GENOME066135_192	1	231	+
192_2	GUT_GENOME066135_192	236	598	+
192_3	GUT_GENOME066135_192	698	1390	+
192_4	GUT_GENOME066135_192	1436	1876	-
192_5	GUT_GENOME066135_192	1986	2399	+
193_1	GUT_GENOME066135_193	127	411	+
193_2	GUT_GENOME066135_193	777	1145	+
193_3	GUT_GENOME066135_193	1213	1605	+
193_4	GUT_GENOME066135_193	1653	2024	+
193_5	GUT_GENOME066135_193	2075	2440	+
194_1	GUT_GENOME066135_194	52	2298	-
195_1	GUT_GENOME066135_195	1	570	-
195_2	GUT_GENOME066135_195	685	1242	-
195_3	GUT_GENOME066135_195	1264	1452	-
195_4	GUT_GENOME066135_195	1462	2022	-
195_5	GUT_GENOME066135_195	2056	2295	-
196_1	GUT_GENOME066135_196	3	518	+
196_2	GUT_GENOME066135_196	543	956	+
196_3	GUT_GENOME066135_196	1029	2345	+
197_1	GUT_GENOME066135_197	61	1500	+
197_2	GUT_GENOME066135_197	1500	2306	+
198_1	GUT_GENOME066135_198	152	892	+
198_2	GUT_GENOME066135_198	907	2184	+
199_1	GUT_GENOME066135_199	134	499	-
199_2	GUT_GENOME066135_199	905	1471	+
199_3	GUT_GENOME066135_199	1589	2245	+
200_1	GUT_GENOME066135_200	3	2252	-
201_1	GUT_GENOME066135_201	120	323	-
201_2	GUT_GENOME066135_201	369	878	+
201_3	GUT_GENOME066135_201	907	1569	+
201_4	GUT_GENOME066135_201	1640	2164	+
202_1	GUT_GENOME066135_202	327	2222	+
203_1	GUT_GENOME066135_203	1	345	+
203_2	GUT_GENOME066135_203	581	2122	-
204_1	GUT_GENOME066135_204	2	1162	+
204_2	GUT_GENOME066135_204	1205	1597	-
204_3	GUT_GENOME066135_204	1797	2153	-
205_1	GUT_GENOME066135_205	90	2099	-
206_1	GUT_GENOME066135_206	62	604	-
206_2	GUT_GENOME066135_206	664	933	+
206_3	GUT_GENOME066135_206	983	2029	-
207_1	GUT_GENOME066135_207	2	790	+
207_2	GUT_GENOME066135_207	974	1609	-
207_3	GUT_GENOME066135_207	1625	2011	-
