GUT_GENOME027284_1	437	1675	1_1
GUT_GENOME027284_1	1689	2684	1_2
GUT_GENOME027284_1	2780	4453	1_3
GUT_GENOME027284_1	4691	4963	1_4
GUT_GENOME027284_1	5214	6146	1_5
GUT_GENOME027284_1	6231	7253	1_6
GUT_GENOME027284_1	7480	10482	1_7
GUT_GENOME027284_1	10599	12665	1_8
GUT_GENOME027284_1	12746	13918	1_9
GUT_GENOME027284_1	13943	14788	1_10
GUT_GENOME027284_1	14772	16211	1_11
GUT_GENOME027284_1	16435	17241	1_12
GUT_GENOME027284_1	17602	18861	1_13
GUT_GENOME027284_1	18873	19907	1_14
GUT_GENOME027284_1	19961	20713	1_15
GUT_GENOME027284_1	20906	21337	1_16
GUT_GENOME027284_1	21334	21594	1_17
GUT_GENOME027284_1	21814	23115	1_18
GUT_GENOME027284_1	23663	26833	1_19
GUT_GENOME027284_1	27111	27722	1_20
GUT_GENOME027284_1	27691	28656	1_21
GUT_GENOME027284_1	28716	31571	1_22
GUT_GENOME027284_1	31799	32926	1_23
GUT_GENOME027284_1	33384	34529	1_24
GUT_GENOME027284_1	34851	35024	1_25
GUT_GENOME027284_1	35065	36339	1_26
GUT_GENOME027284_1	37157	39073	1_27
GUT_GENOME027284_1	39076	40389	1_28
GUT_GENOME027284_1	40970	41413	1_29
GUT_GENOME027284_1	41705	44254	1_30
GUT_GENOME027284_1	44643	44885	1_31
GUT_GENOME027284_1	45047	46801	1_32
GUT_GENOME027284_1	46921	47766	1_33
GUT_GENOME027284_1	47929	48438	1_34
GUT_GENOME027284_1	48529	49029	1_35
GUT_GENOME027284_1	49200	49715	1_36
GUT_GENOME027284_1	49838	52456	1_37
GUT_GENOME027284_1	52717	53466	1_38
GUT_GENOME027284_1	53584	54267	1_39
GUT_GENOME027284_1	54267	55679	1_40
GUT_GENOME027284_1	55914	58730	1_41
GUT_GENOME027284_1	58852	59754	1_42
GUT_GENOME027284_1	59910	60497	1_43
GUT_GENOME027284_1	60575	63034	1_44
GUT_GENOME027284_1	63461	63949	1_45
GUT_GENOME027284_1	64060	65079	1_46
GUT_GENOME027284_1	65651	66940	1_47
GUT_GENOME027284_1	67112	68143	1_48
GUT_GENOME027284_1	68172	69044	1_49
GUT_GENOME027284_1	69073	69678	1_50
GUT_GENOME027284_1	69998	71068	1_51
GUT_GENOME027284_1	71083	71562	1_52
GUT_GENOME027284_1	71887	73122	1_53
GUT_GENOME027284_1	73237	73665	1_54
GUT_GENOME027284_1	73689	74693	1_55
GUT_GENOME027284_1	74792	75898	1_56
GUT_GENOME027284_1	75976	76362	1_57
GUT_GENOME027284_1	76445	77308	1_58
GUT_GENOME027284_1	77367	78344	1_59
GUT_GENOME027284_1	78486	79118	1_60
GUT_GENOME027284_1	79254	79703	1_61
GUT_GENOME027284_1	79731	80630	1_62
GUT_GENOME027284_1	80684	81271	1_63
GUT_GENOME027284_1	81440	82081	1_64
GUT_GENOME027284_1	82199	83053	1_65
GUT_GENOME027284_1	83208	84110	1_66
GUT_GENOME027284_1	84160	86829	1_67
GUT_GENOME027284_1	86839	87489	1_68
GUT_GENOME027284_1	87628	88233	1_69
GUT_GENOME027284_1	88246	88662	1_70
GUT_GENOME027284_1	88860	89492	1_71
GUT_GENOME027284_1	89659	90696	1_72
GUT_GENOME027284_1	90728	91195	1_73
GUT_GENOME027284_1	91192	92853	1_74
GUT_GENOME027284_1	93250	95196	1_75
GUT_GENOME027284_1	95235	95768	1_76
GUT_GENOME027284_1	96045	96860	1_77
GUT_GENOME027284_1	96871	98571	1_78
GUT_GENOME027284_1	98651	99139	1_79
GUT_GENOME027284_1	99251	102733	1_80
GUT_GENOME027284_1	102798	104057	1_81
GUT_GENOME027284_1	104047	105228	1_82
GUT_GENOME027284_1	105423	105656	1_83
GUT_GENOME027284_1	105870	106433	1_84
GUT_GENOME027284_1	106516	107172	1_85
GUT_GENOME027284_1	107280	108719	1_86
GUT_GENOME027284_1	108751	109794	1_87
GUT_GENOME027284_1	110393	110854	1_88
GUT_GENOME027284_1	110893	111351	1_89
GUT_GENOME027284_1	111884	113728	1_90
GUT_GENOME027284_1	113968	115980	1_91
GUT_GENOME027284_1	116481	116990	1_92
GUT_GENOME027284_1	117286	120360	1_93
GUT_GENOME027284_1	120373	121272	1_94
GUT_GENOME027284_1	121360	122853	1_95
GUT_GENOME027284_1	123014	124675	1_96
GUT_GENOME027284_1	124818	126512	1_97
GUT_GENOME027284_1	126674	127579	1_98
GUT_GENOME027284_1	127576	128526	1_99
GUT_GENOME027284_1	128530	129189	1_100
GUT_GENOME027284_1	129412	131187	1_101
GUT_GENOME027284_1	131226	133025	1_102
GUT_GENOME027284_1	133327	133662	1_103
GUT_GENOME027284_1	133839	135092	1_104
GUT_GENOME027284_1	135104	137119	1_105
GUT_GENOME027284_1	137484	139301	1_106
GUT_GENOME027284_1	139522	139860	1_107
GUT_GENOME027284_1	139854	140252	1_108
GUT_GENOME027284_1	140458	142059	1_109
GUT_GENOME027284_1	142411	142929	1_110
GUT_GENOME027284_1	143442	144299	1_111
GUT_GENOME027284_1	144437	144958	1_112
GUT_GENOME027284_1	145142	146467	1_113
GUT_GENOME027284_1	146452	147699	1_114
GUT_GENOME027284_1	147819	148499	1_115
GUT_GENOME027284_1	148534	150894	1_116
GUT_GENOME027284_1	151442	152077	1_117
GUT_GENOME027284_1	151880	152902	1_118
GUT_GENOME027284_1	152928	154139	1_119
GUT_GENOME027284_1	154296	154904	1_120
GUT_GENOME027284_1	154913	156490	1_121
GUT_GENOME027284_1	157125	157475	1_122
GUT_GENOME027284_1	157966	159162	1_123
GUT_GENOME027284_1	159182	160189	1_124
GUT_GENOME027284_1	160219	163062	1_125
GUT_GENOME027284_1	163465	164724	1_126
GUT_GENOME027284_1	164728	165195	1_127
GUT_GENOME027284_1	165324	166976	1_128
GUT_GENOME027284_1	167014	167916	1_129
GUT_GENOME027284_1	167978	169750	1_130
GUT_GENOME027284_1	169889	170326	1_131
GUT_GENOME027284_1	170512	171849	1_132
GUT_GENOME027284_1	171976	172719	1_133
GUT_GENOME027284_1	173251	174663	1_134
GUT_GENOME027284_1	175060	176052	1_135
GUT_GENOME027284_1	176271	177131	1_136
GUT_GENOME027284_1	177300	178238	1_137
GUT_GENOME027284_1	178243	178779	1_138
GUT_GENOME027284_1	178782	180941	1_139
GUT_GENOME027284_1	181006	182451	1_140
GUT_GENOME027284_1	182442	183743	1_141
GUT_GENOME027284_1	183749	185080	1_142
GUT_GENOME027284_1	185198	186487	1_143
GUT_GENOME027284_1	186827	187942	1_144
GUT_GENOME027284_1	187953	189332	1_145
GUT_GENOME027284_1	189329	190426	1_146
GUT_GENOME027284_1	190451	191911	1_147
GUT_GENOME027284_1	191932	193254	1_148
GUT_GENOME027284_1	193471	195363	1_149
GUT_GENOME027284_1	195360	195887	1_150
GUT_GENOME027284_1	195887	198223	1_151
GUT_GENOME027284_1	198375	199403	1_152
GUT_GENOME027284_1	199532	201505	1_153
GUT_GENOME027284_1	201648	201902	1_154
GUT_GENOME027284_1	202138	202863	1_155
GUT_GENOME027284_1	203005	204477	1_156
GUT_GENOME027284_1	204541	205737	1_157
GUT_GENOME027284_1	206120	206329	1_158
GUT_GENOME027284_1	206345	206794	1_159
GUT_GENOME027284_1	206812	207444	1_160
GUT_GENOME027284_1	207633	209417	1_161
GUT_GENOME027284_1	209486	210802	1_162
GUT_GENOME027284_1	210812	212206	1_163
GUT_GENOME027284_1	212347	212982	1_164
GUT_GENOME027284_1	212997	214151	1_165
GUT_GENOME027284_1	214158	215933	1_166
GUT_GENOME027284_10	183	1229	10_1
GUT_GENOME027284_10	1290	2342	10_2
GUT_GENOME027284_10	2369	6256	10_3
GUT_GENOME027284_10	6742	7230	10_4
GUT_GENOME027284_10	7296	8927	10_5
GUT_GENOME027284_10	9102	11531	10_6
GUT_GENOME027284_10	11836	13827	10_7
GUT_GENOME027284_10	13827	15257	10_8
GUT_GENOME027284_10	15401	16183	10_9
GUT_GENOME027284_10	16415	18235	10_10
GUT_GENOME027284_10	18910	19404	10_11
GUT_GENOME027284_10	19655	23254	10_12
GUT_GENOME027284_10	23554	23718	10_13
GUT_GENOME027284_10	23838	25427	10_14
GUT_GENOME027284_10	25449	26549	10_15
GUT_GENOME027284_10	26783	30025	10_16
GUT_GENOME027284_10	30041	31876	10_17
GUT_GENOME027284_10	32435	33628	10_18
GUT_GENOME027284_10	33662	34780	10_19
GUT_GENOME027284_10	34851	35873	10_20
GUT_GENOME027284_10	35860	37347	10_21
GUT_GENOME027284_10	37361	38245	10_22
GUT_GENOME027284_10	38645	39730	10_23
GUT_GENOME027284_10	39791	42079	10_24
GUT_GENOME027284_10	42150	43412	10_25
GUT_GENOME027284_10	43385	44353	10_26
GUT_GENOME027284_10	44467	45801	10_27
GUT_GENOME027284_10	45962	47059	10_28
GUT_GENOME027284_10	47056	47979	10_29
GUT_GENOME027284_10	47979	48392	10_30
GUT_GENOME027284_10	48414	49595	10_31
GUT_GENOME027284_10	49599	50477	10_32
GUT_GENOME027284_10	50495	51187	10_33
GUT_GENOME027284_10	51235	52179	10_34
GUT_GENOME027284_10	52491	54167	10_35
GUT_GENOME027284_10	54380	55099	10_36
GUT_GENOME027284_10	55169	56143	10_37
GUT_GENOME027284_10	56182	56967	10_38
GUT_GENOME027284_10	57067	57456	10_39
GUT_GENOME027284_10	57993	58226	10_40
GUT_GENOME027284_10	58688	59278	10_41
GUT_GENOME027284_10	59337	60110	10_42
GUT_GENOME027284_10	60164	61747	10_43
GUT_GENOME027284_10	61747	62370	10_44
GUT_GENOME027284_10	62367	63179	10_45
GUT_GENOME027284_10	63538	64533	10_46
GUT_GENOME027284_10	64557	65165	10_47
GUT_GENOME027284_10	65149	65724	10_48
GUT_GENOME027284_10	65822	66670	10_49
GUT_GENOME027284_10	66690	67283	10_50
GUT_GENOME027284_10	67310	68227	10_51
GUT_GENOME027284_10	68329	69282	10_52
GUT_GENOME027284_10	69315	70580	10_53
GUT_GENOME027284_10	70684	70908	10_54
GUT_GENOME027284_10	70901	72508	10_55
GUT_GENOME027284_10	72718	73683	10_56
GUT_GENOME027284_10	73698	74615	10_57
GUT_GENOME027284_10	74773	75942	10_58
GUT_GENOME027284_10	75999	76640	10_59
GUT_GENOME027284_10	77135	77779	10_60
GUT_GENOME027284_10	77900	79318	10_61
GUT_GENOME027284_10	79326	81038	10_62
GUT_GENOME027284_10	81232	82146	10_63
GUT_GENOME027284_10	82339	83055	10_64
GUT_GENOME027284_10	83128	83607	10_65
GUT_GENOME027284_10	83710	85035	10_66
GUT_GENOME027284_10	85180	86955	10_67
GUT_GENOME027284_10	86961	87506	10_68
GUT_GENOME027284_10	87559	90426	10_69
GUT_GENOME027284_10	90624	91334	10_70
GUT_GENOME027284_11	368	922	11_1
GUT_GENOME027284_11	1038	1460	11_2
GUT_GENOME027284_11	1489	2841	11_3
GUT_GENOME027284_11	2847	3512	11_4
GUT_GENOME027284_11	3564	4703	11_5
GUT_GENOME027284_11	4726	6777	11_6
GUT_GENOME027284_11	6842	7960	11_7
GUT_GENOME027284_11	8146	9414	11_8
GUT_GENOME027284_11	9570	11189	11_9
GUT_GENOME027284_11	11215	13113	11_10
GUT_GENOME027284_11	13315	15483	11_11
GUT_GENOME027284_11	15560	15925	11_12
GUT_GENOME027284_11	16058	17473	11_13
GUT_GENOME027284_11	17717	18520	11_14
GUT_GENOME027284_11	18566	19984	11_15
GUT_GENOME027284_11	20185	20469	11_16
GUT_GENOME027284_11	20449	21993	11_17
GUT_GENOME027284_11	22106	22201	11_18
GUT_GENOME027284_11	22236	22349	11_19
GUT_GENOME027284_11	22354	23865	11_20
GUT_GENOME027284_11	23869	26223	11_21
GUT_GENOME027284_11	26353	26604	11_22
GUT_GENOME027284_11	26719	27747	11_23
GUT_GENOME027284_11	27805	29097	11_24
GUT_GENOME027284_11	29094	29618	11_25
GUT_GENOME027284_11	29863	30711	11_26
GUT_GENOME027284_11	30725	31510	11_27
GUT_GENOME027284_11	31754	32218	11_28
GUT_GENOME027284_11	32237	33136	11_29
GUT_GENOME027284_11	33151	33891	11_30
GUT_GENOME027284_11	33916	34689	11_31
GUT_GENOME027284_11	34707	35327	11_32
GUT_GENOME027284_11	35521	38262	11_33
GUT_GENOME027284_11	38502	39719	11_34
GUT_GENOME027284_11	39862	40098	11_35
GUT_GENOME027284_11	40139	40762	11_36
GUT_GENOME027284_11	40861	41502	11_37
GUT_GENOME027284_11	41503	42072	11_38
GUT_GENOME027284_11	42125	42598	11_39
GUT_GENOME027284_11	42613	43470	11_40
GUT_GENOME027284_11	43507	45489	11_41
GUT_GENOME027284_11	45529	45915	11_42
GUT_GENOME027284_11	45978	46091	11_43
GUT_GENOME027284_11	46051	46446	11_44
GUT_GENOME027284_11	46536	47330	11_45
GUT_GENOME027284_11	47499	48167	11_46
GUT_GENOME027284_11	48259	48750	11_47
GUT_GENOME027284_11	49351	49887	11_48
GUT_GENOME027284_11	49884	51074	11_49
GUT_GENOME027284_11	51083	51520	11_50
GUT_GENOME027284_11	51517	52134	11_51
GUT_GENOME027284_11	52134	52631	11_52
GUT_GENOME027284_11	52730	54445	11_53
GUT_GENOME027284_11	54445	55125	11_54
GUT_GENOME027284_11	55126	56601	11_55
GUT_GENOME027284_11	56852	57595	11_56
GUT_GENOME027284_11	57833	58510	11_57
GUT_GENOME027284_11	58538	59596	11_58
GUT_GENOME027284_11	59725	60972	11_59
GUT_GENOME027284_11	60994	62343	11_60
GUT_GENOME027284_11	62521	64539	11_61
GUT_GENOME027284_11	64583	67741	11_62
GUT_GENOME027284_11	68096	69199	11_63
GUT_GENOME027284_11	69291	70142	11_64
GUT_GENOME027284_11	70168	70605	11_65
GUT_GENOME027284_11	70764	71756	11_66
GUT_GENOME027284_11	71757	73244	11_67
GUT_GENOME027284_11	73298	74500	11_68
GUT_GENOME027284_11	74548	75429	11_69
GUT_GENOME027284_11	75378	75635	11_70
GUT_GENOME027284_11	75705	76724	11_71
GUT_GENOME027284_11	76841	78028	11_72
GUT_GENOME027284_12	2	163	12_1
GUT_GENOME027284_12	303	1400	12_2
GUT_GENOME027284_12	1559	2188	12_3
GUT_GENOME027284_12	2362	3093	12_4
GUT_GENOME027284_12	3260	4618	12_5
GUT_GENOME027284_12	4649	5644	12_6
GUT_GENOME027284_12	5775	7532	12_7
GUT_GENOME027284_12	7802	8308	12_8
GUT_GENOME027284_12	8315	9283	12_9
GUT_GENOME027284_12	9352	10533	12_10
GUT_GENOME027284_12	10683	12944	12_11
GUT_GENOME027284_12	13256	14920	12_12
GUT_GENOME027284_12	14957	16297	12_13
GUT_GENOME027284_12	16567	21108	12_14
GUT_GENOME027284_12	21253	23823	12_15
GUT_GENOME027284_12	23992	24360	12_16
GUT_GENOME027284_12	24463	25710	12_17
GUT_GENOME027284_12	25782	26693	12_18
GUT_GENOME027284_12	27063	28475	12_19
GUT_GENOME027284_12	28693	31455	12_20
GUT_GENOME027284_12	31569	33713	12_21
GUT_GENOME027284_12	33938	35731	12_22
GUT_GENOME027284_12	35753	37654	12_23
GUT_GENOME027284_12	37684	41007	12_24
GUT_GENOME027284_12	41476	42807	12_25
GUT_GENOME027284_12	42843	44699	12_26
GUT_GENOME027284_12	44719	44817	12_27
GUT_GENOME027284_12	44921	46342	12_28
GUT_GENOME027284_12	46358	47503	12_29
GUT_GENOME027284_12	47563	47748	12_30
GUT_GENOME027284_12	47822	49834	12_31
GUT_GENOME027284_12	49985	52555	12_32
GUT_GENOME027284_12	52869	53270	12_33
GUT_GENOME027284_12	53632	54369	12_34
GUT_GENOME027284_12	54366	55760	12_35
GUT_GENOME027284_12	55757	56341	12_36
GUT_GENOME027284_12	56845	57576	12_37
GUT_GENOME027284_12	57592	59205	12_38
GUT_GENOME027284_12	59221	63528	12_39
GUT_GENOME027284_12	63518	68905	12_40
GUT_GENOME027284_12	68898	69593	12_41
GUT_GENOME027284_12	69629	71176	12_42
GUT_GENOME027284_12	71221	71511	12_43
GUT_GENOME027284_12	71520	71621	12_44
GUT_GENOME027284_12	71810	73063	12_45
GUT_GENOME027284_12	73097	76423	12_46
GUT_GENOME027284_12	76427	76768	12_47
GUT_GENOME027284_13	69	614	13_1
GUT_GENOME027284_13	1194	2372	13_2
GUT_GENOME027284_13	2745	3938	13_3
GUT_GENOME027284_13	4121	4957	13_4
GUT_GENOME027284_13	4988	5602	13_5
GUT_GENOME027284_13	5606	6253	13_6
GUT_GENOME027284_13	6284	7117	13_7
GUT_GENOME027284_13	7452	8423	13_8
GUT_GENOME027284_13	8542	9963	13_9
GUT_GENOME027284_13	10181	11164	13_10
GUT_GENOME027284_13	11681	14758	13_11
GUT_GENOME027284_13	14780	16432	13_12
GUT_GENOME027284_13	16558	17973	13_13
GUT_GENOME027284_13	18211	19356	13_14
GUT_GENOME027284_13	19369	20976	13_15
GUT_GENOME027284_13	21170	22060	13_16
GUT_GENOME027284_13	22208	23392	13_17
GUT_GENOME027284_13	23407	24354	13_18
GUT_GENOME027284_13	24409	25497	13_19
GUT_GENOME027284_13	25502	26410	13_20
GUT_GENOME027284_13	26446	27162	13_21
GUT_GENOME027284_13	27169	29250	13_22
GUT_GENOME027284_13	29378	31663	13_23
GUT_GENOME027284_13	32051	33316	13_24
GUT_GENOME027284_13	33919	34920	13_25
GUT_GENOME027284_13	35031	35741	13_26
GUT_GENOME027284_13	36164	36955	13_27
GUT_GENOME027284_13	36912	37388	13_28
GUT_GENOME027284_13	37562	38536	13_29
GUT_GENOME027284_13	38976	39653	13_30
GUT_GENOME027284_13	39723	40343	13_31
GUT_GENOME027284_13	40361	41206	13_32
GUT_GENOME027284_13	41232	43754	13_33
GUT_GENOME027284_13	43759	44151	13_34
GUT_GENOME027284_13	44581	44760	13_35
GUT_GENOME027284_13	44935	45387	13_36
GUT_GENOME027284_13	45430	46674	13_37
GUT_GENOME027284_13	46834	48624	13_38
GUT_GENOME027284_13	48795	49721	13_39
GUT_GENOME027284_13	50027	50683	13_40
GUT_GENOME027284_13	50705	51658	13_41
GUT_GENOME027284_13	51683	52819	13_42
GUT_GENOME027284_13	52952	53719	13_43
GUT_GENOME027284_13	53819	54628	13_44
GUT_GENOME027284_13	54636	55523	13_45
GUT_GENOME027284_13	55570	56268	13_46
GUT_GENOME027284_13	56285	57610	13_47
GUT_GENOME027284_13	57679	59955	13_48
GUT_GENOME027284_13	60050	62233	13_49
GUT_GENOME027284_13	62466	62753	13_50
GUT_GENOME027284_13	62910	65531	13_51
GUT_GENOME027284_13	65832	66410	13_52
GUT_GENOME027284_13	66631	68130	13_53
GUT_GENOME027284_13	68328	69332	13_54
GUT_GENOME027284_14	380	2278	14_1
GUT_GENOME027284_14	2462	4078	14_2
GUT_GENOME027284_14	4125	7079	14_3
GUT_GENOME027284_14	7054	9045	14_4
GUT_GENOME027284_14	9098	10345	14_5
GUT_GENOME027284_14	10837	11331	14_6
GUT_GENOME027284_14	11328	13136	14_7
GUT_GENOME027284_14	13133	14530	14_8
GUT_GENOME027284_14	14674	16806	14_9
GUT_GENOME027284_14	17081	20167	14_10
GUT_GENOME027284_14	20378	20938	14_11
GUT_GENOME027284_14	20939	21871	14_12
GUT_GENOME027284_14	21973	23358	14_13
GUT_GENOME027284_14	23385	24026	14_14
GUT_GENOME027284_14	24064	25161	14_15
GUT_GENOME027284_14	25226	26053	14_16
GUT_GENOME027284_14	26062	26715	14_17
GUT_GENOME027284_14	26769	27179	14_18
GUT_GENOME027284_14	27469	29997	14_19
GUT_GENOME027284_14	30419	30802	14_20
GUT_GENOME027284_14	30957	36446	14_21
GUT_GENOME027284_14	36688	37752	14_22
GUT_GENOME027284_14	37807	38670	14_23
GUT_GENOME027284_14	39304	39606	14_24
GUT_GENOME027284_14	39704	41164	14_25
GUT_GENOME027284_14	41904	42380	14_26
GUT_GENOME027284_14	42395	43093	14_27
GUT_GENOME027284_14	43135	44418	14_28
GUT_GENOME027284_14	44424	44714	14_29
GUT_GENOME027284_14	44929	46641	14_30
GUT_GENOME027284_14	46667	47776	14_31
GUT_GENOME027284_14	47778	48191	14_32
GUT_GENOME027284_14	48223	49329	14_33
GUT_GENOME027284_14	49388	50008	14_34
GUT_GENOME027284_14	50117	50881	14_35
GUT_GENOME027284_14	50976	51521	14_36
GUT_GENOME027284_14	51582	52706	14_37
GUT_GENOME027284_14	52725	53063	14_38
GUT_GENOME027284_14	53266	53688	14_39
GUT_GENOME027284_14	53776	54360	14_40
GUT_GENOME027284_14	54549	55142	14_41
GUT_GENOME027284_14	55461	56552	14_42
GUT_GENOME027284_14	56632	57012	14_43
GUT_GENOME027284_14	57138	58109	14_44
GUT_GENOME027284_14	58106	58681	14_45
GUT_GENOME027284_14	58705	59148	14_46
GUT_GENOME027284_14	59148	59951	14_47
GUT_GENOME027284_14	60233	61456	14_48
GUT_GENOME027284_14	61869	62465	14_49
GUT_GENOME027284_14	62881	63606	14_50
GUT_GENOME027284_14	63685	64209	14_51
GUT_GENOME027284_14	64206	65507	14_52
GUT_GENOME027284_14	66206	67726	14_53
GUT_GENOME027284_14	68189	68842	14_54
GUT_GENOME027284_15	273	1346	15_1
GUT_GENOME027284_15	1368	2132	15_2
GUT_GENOME027284_15	2116	3240	15_3
GUT_GENOME027284_15	3255	5069	15_4
GUT_GENOME027284_15	5151	6299	15_5
GUT_GENOME027284_15	6312	7106	15_6
GUT_GENOME027284_15	7171	8046	15_7
GUT_GENOME027284_15	8223	9395	15_8
GUT_GENOME027284_15	9494	10891	15_9
GUT_GENOME027284_15	10891	12192	15_10
GUT_GENOME027284_15	12290	16288	15_11
GUT_GENOME027284_15	16319	17857	15_12
GUT_GENOME027284_15	18381	18470	15_13
GUT_GENOME027284_15	18568	18657	15_14
GUT_GENOME027284_15	18793	20289	15_15
GUT_GENOME027284_15	20402	20881	15_16
GUT_GENOME027284_15	21045	22610	15_17
GUT_GENOME027284_15	22830	23255	15_18
GUT_GENOME027284_15	23389	24504	15_19
GUT_GENOME027284_15	24575	25879	15_20
GUT_GENOME027284_15	26016	26561	15_21
GUT_GENOME027284_15	26701	28677	15_22
GUT_GENOME027284_15	28744	29010	15_23
GUT_GENOME027284_15	29101	29553	15_24
GUT_GENOME027284_15	29514	30467	15_25
GUT_GENOME027284_15	30468	30938	15_26
GUT_GENOME027284_15	30928	31791	15_27
GUT_GENOME027284_15	32251	33717	15_28
GUT_GENOME027284_15	33967	35133	15_29
GUT_GENOME027284_15	35448	36128	15_30
GUT_GENOME027284_15	36661	37659	15_31
GUT_GENOME027284_15	38077	40605	15_32
GUT_GENOME027284_15	40720	41895	15_33
GUT_GENOME027284_15	41948	43171	15_34
GUT_GENOME027284_15	43613	44119	15_35
GUT_GENOME027284_15	44407	45681	15_36
GUT_GENOME027284_15	45838	48324	15_37
GUT_GENOME027284_15	48414	49322	15_38
GUT_GENOME027284_15	49386	49589	15_39
GUT_GENOME027284_15	49566	50336	15_40
GUT_GENOME027284_15	50399	51748	15_41
GUT_GENOME027284_15	51803	52840	15_42
GUT_GENOME027284_15	53004	53831	15_43
GUT_GENOME027284_15	53858	54970	15_44
GUT_GENOME027284_15	55180	56328	15_45
GUT_GENOME027284_15	56433	57179	15_46
GUT_GENOME027284_15	57313	58050	15_47
GUT_GENOME027284_15	58211	59161	15_48
GUT_GENOME027284_15	59164	60138	15_49
GUT_GENOME027284_15	60243	61127	15_50
GUT_GENOME027284_15	61369	62040	15_51
GUT_GENOME027284_15	62322	65489	15_52
GUT_GENOME027284_15	65499	68018	15_53
GUT_GENOME027284_16	273	1031	16_1
GUT_GENOME027284_16	1059	1460	16_2
GUT_GENOME027284_16	1533	3659	16_3
GUT_GENOME027284_16	3980	6271	16_4
GUT_GENOME027284_16	6463	7089	16_5
GUT_GENOME027284_16	7196	9415	16_6
GUT_GENOME027284_16	9562	10299	16_7
GUT_GENOME027284_16	10309	13620	16_8
GUT_GENOME027284_16	13639	16500	16_9
GUT_GENOME027284_16	16777	17340	16_10
GUT_GENOME027284_16	17483	17839	16_11
GUT_GENOME027284_16	18197	18514	16_12
GUT_GENOME027284_16	18682	18852	16_13
GUT_GENOME027284_16	18869	20869	16_14
GUT_GENOME027284_16	20938	21384	16_15
GUT_GENOME027284_16	21590	22897	16_16
GUT_GENOME027284_16	23070	23198	16_17
GUT_GENOME027284_16	23335	24402	16_18
GUT_GENOME027284_16	24485	24949	16_19
GUT_GENOME027284_16	25165	25890	16_20
GUT_GENOME027284_16	25894	27198	16_21
GUT_GENOME027284_16	27195	27323	16_22
GUT_GENOME027284_16	27443	28315	16_23
GUT_GENOME027284_16	28558	31278	16_24
GUT_GENOME027284_16	31288	31473	16_25
GUT_GENOME027284_16	31550	32407	16_26
GUT_GENOME027284_16	32430	32585	16_27
GUT_GENOME027284_16	32590	32700	16_28
GUT_GENOME027284_16	32815	35346	16_29
GUT_GENOME027284_16	35638	36441	16_30
GUT_GENOME027284_16	36603	37658	16_31
GUT_GENOME027284_16	37659	38201	16_32
GUT_GENOME027284_16	38326	39483	16_33
GUT_GENOME027284_16	39495	40652	16_34
GUT_GENOME027284_16	40836	41354	16_35
GUT_GENOME027284_16	41314	41949	16_36
GUT_GENOME027284_16	41962	42459	16_37
GUT_GENOME027284_16	42494	43975	16_38
GUT_GENOME027284_16	44078	44389	16_39
GUT_GENOME027284_16	44507	46687	16_40
GUT_GENOME027284_16	46831	48582	16_41
GUT_GENOME027284_16	48692	49792	16_42
GUT_GENOME027284_16	49869	50576	16_43
GUT_GENOME027284_16	50712	52871	16_44
GUT_GENOME027284_16	53070	54203	16_45
GUT_GENOME027284_16	54274	55557	16_46
GUT_GENOME027284_16	55570	56112	16_47
GUT_GENOME027284_16	56114	56443	16_48
GUT_GENOME027284_16	56446	58977	16_49
GUT_GENOME027284_16	59177	59728	16_50
GUT_GENOME027284_16	60200	60874	16_51
GUT_GENOME027284_16	60949	61770	16_52
GUT_GENOME027284_16	61774	62958	16_53
GUT_GENOME027284_16	62983	63318	16_54
GUT_GENOME027284_16	63513	63806	16_55
GUT_GENOME027284_16	63883	63972	16_56
GUT_GENOME027284_16	64110	65684	16_57
GUT_GENOME027284_16	65910	66443	16_58
GUT_GENOME027284_17	1	1083	17_1
GUT_GENOME027284_17	1086	1907	17_2
GUT_GENOME027284_17	2178	3032	17_3
GUT_GENOME027284_17	3065	4426	17_4
GUT_GENOME027284_17	4520	5458	17_5
GUT_GENOME027284_17	5602	7059	17_6
GUT_GENOME027284_17	7238	8929	17_7
GUT_GENOME027284_17	8909	9571	17_8
GUT_GENOME027284_17	9573	10139	17_9
GUT_GENOME027284_17	10291	10638	17_10
GUT_GENOME027284_17	10695	11306	17_11
GUT_GENOME027284_17	11320	11799	17_12
GUT_GENOME027284_17	11909	13336	17_13
GUT_GENOME027284_17	13358	14623	17_14
GUT_GENOME027284_17	14653	15063	17_15
GUT_GENOME027284_17	15082	15285	17_16
GUT_GENOME027284_17	15459	16328	17_17
GUT_GENOME027284_17	16343	18421	17_18
GUT_GENOME027284_17	18435	18794	17_19
GUT_GENOME027284_17	19428	21329	17_20
GUT_GENOME027284_17	21326	21415	17_21
GUT_GENOME027284_17	21503	22411	17_22
GUT_GENOME027284_17	22834	24177	17_23
GUT_GENOME027284_17	24177	25628	17_24
GUT_GENOME027284_17	25917	27623	17_25
GUT_GENOME027284_17	27635	29638	17_26
GUT_GENOME027284_17	29782	31260	17_27
GUT_GENOME027284_17	31275	32507	17_28
GUT_GENOME027284_17	32582	36310	17_29
GUT_GENOME027284_17	36429	36743	17_30
GUT_GENOME027284_17	37076	37768	17_31
GUT_GENOME027284_17	37773	38513	17_32
GUT_GENOME027284_17	38561	38878	17_33
GUT_GENOME027284_17	39341	39460	17_34
GUT_GENOME027284_17	39736	40854	17_35
GUT_GENOME027284_17	40856	42751	17_36
GUT_GENOME027284_17	42895	43017	17_37
GUT_GENOME027284_17	43258	43827	17_38
GUT_GENOME027284_17	43938	44075	17_39
GUT_GENOME027284_17	44247	44585	17_40
GUT_GENOME027284_17	44742	45398	17_41
GUT_GENOME027284_17	46601	47872	17_42
GUT_GENOME027284_17	47698	48450	17_43
GUT_GENOME027284_17	48913	49293	17_44
GUT_GENOME027284_17	49382	52666	17_45
GUT_GENOME027284_17	52686	54236	17_46
GUT_GENOME027284_17	54284	54697	17_47
GUT_GENOME027284_17	54699	56810	17_48
GUT_GENOME027284_17	57182	58585	17_49
GUT_GENOME027284_17	58708	59397	17_50
GUT_GENOME027284_17	59685	61112	17_51
GUT_GENOME027284_17	61353	65090	17_52
GUT_GENOME027284_17	65282	65827	17_53
GUT_GENOME027284_17	65829	66404	17_54
GUT_GENOME027284_18	316	1263	18_1
GUT_GENOME027284_18	1492	2763	18_2
GUT_GENOME027284_18	2782	3414	18_3
GUT_GENOME027284_18	3414	4040	18_4
GUT_GENOME027284_18	4058	4786	18_5
GUT_GENOME027284_18	4799	5959	18_6
GUT_GENOME027284_18	5987	7339	18_7
GUT_GENOME027284_18	7870	12249	18_8
GUT_GENOME027284_18	12277	13593	18_9
GUT_GENOME027284_18	13844	15880	18_10
GUT_GENOME027284_18	15978	17246	18_11
GUT_GENOME027284_18	17356	18222	18_12
GUT_GENOME027284_18	18273	19250	18_13
GUT_GENOME027284_18	19329	20162	18_14
GUT_GENOME027284_18	20175	20963	18_15
GUT_GENOME027284_18	20978	21907	18_16
GUT_GENOME027284_18	21967	23001	18_17
GUT_GENOME027284_18	23296	24996	18_18
GUT_GENOME027284_18	25528	26418	18_19
GUT_GENOME027284_18	26500	28086	18_20
GUT_GENOME027284_18	28103	28636	18_21
GUT_GENOME027284_18	28646	29107	18_22
GUT_GENOME027284_18	29494	30495	18_23
GUT_GENOME027284_18	30545	30997	18_24
GUT_GENOME027284_18	30987	31217	18_25
GUT_GENOME027284_18	31254	32780	18_26
GUT_GENOME027284_18	32913	33836	18_27
GUT_GENOME027284_18	33962	35335	18_28
GUT_GENOME027284_18	35470	36240	18_29
GUT_GENOME027284_18	36614	37558	18_30
GUT_GENOME027284_18	37796	38770	18_31
GUT_GENOME027284_18	38795	39664	18_32
GUT_GENOME027284_18	39665	40600	18_33
GUT_GENOME027284_18	40627	41178	18_34
GUT_GENOME027284_18	41249	44410	18_35
GUT_GENOME027284_18	44708	45208	18_36
GUT_GENOME027284_18	45973	46965	18_37
GUT_GENOME027284_18	47072	47530	18_38
GUT_GENOME027284_18	47704	50250	18_39
GUT_GENOME027284_18	50512	51327	18_40
GUT_GENOME027284_19	258	734	19_1
GUT_GENOME027284_19	777	2990	19_2
GUT_GENOME027284_19	3039	5324	19_3
GUT_GENOME027284_19	5337	6821	19_4
GUT_GENOME027284_19	6952	7194	19_5
GUT_GENOME027284_19	7385	7780	19_6
GUT_GENOME027284_19	7996	9582	19_7
GUT_GENOME027284_19	9721	11862	19_8
GUT_GENOME027284_19	12068	13294	19_9
GUT_GENOME027284_19	13360	13974	19_10
GUT_GENOME027284_19	14030	15328	19_11
GUT_GENOME027284_19	15482	16771	19_12
GUT_GENOME027284_19	16814	18148	19_13
GUT_GENOME027284_19	18246	21635	19_14
GUT_GENOME027284_19	21820	22479	19_15
GUT_GENOME027284_19	23099	24358	19_16
GUT_GENOME027284_19	24611	25765	19_17
GUT_GENOME027284_19	25955	26407	19_18
GUT_GENOME027284_19	26821	29085	19_19
GUT_GENOME027284_19	29250	30308	19_20
GUT_GENOME027284_19	30462	31784	19_21
GUT_GENOME027284_19	31935	33050	19_22
GUT_GENOME027284_19	33051	34748	19_23
GUT_GENOME027284_19	34760	35701	19_24
GUT_GENOME027284_19	35769	37421	19_25
GUT_GENOME027284_19	37563	39233	19_26
GUT_GENOME027284_19	39437	41104	19_27
GUT_GENOME027284_19	41137	42057	19_28
GUT_GENOME027284_19	42251	43471	19_29
GUT_GENOME027284_19	43649	44500	19_30
GUT_GENOME027284_19	44618	45742	19_31
GUT_GENOME027284_19	45940	46344	19_32
GUT_GENOME027284_19	46466	47791	19_33
GUT_GENOME027284_19	47958	49853	19_34
GUT_GENOME027284_19	50057	50695	19_35
GUT_GENOME027284_2	215	1396	2_1
GUT_GENOME027284_2	1488	1691	2_2
GUT_GENOME027284_2	1783	2835	2_3
GUT_GENOME027284_2	2839	4353	2_4
GUT_GENOME027284_2	4713	5039	2_5
GUT_GENOME027284_2	5042	5395	2_6
GUT_GENOME027284_2	5703	8174	2_7
GUT_GENOME027284_2	8744	9586	2_8
GUT_GENOME027284_2	9691	10476	2_9
GUT_GENOME027284_2	10681	11046	2_10
GUT_GENOME027284_2	11147	11971	2_11
GUT_GENOME027284_2	11995	14067	2_12
GUT_GENOME027284_2	14096	14926	2_13
GUT_GENOME027284_2	15017	15670	2_14
GUT_GENOME027284_2	15727	17844	2_15
GUT_GENOME027284_2	17990	19408	2_16
GUT_GENOME027284_2	19486	21000	2_17
GUT_GENOME027284_2	21069	22415	2_18
GUT_GENOME027284_2	22943	24058	2_19
GUT_GENOME027284_2	24074	24901	2_20
GUT_GENOME027284_2	24894	26012	2_21
GUT_GENOME027284_2	26328	27539	2_22
GUT_GENOME027284_2	27664	28200	2_23
GUT_GENOME027284_2	28236	28808	2_24
GUT_GENOME027284_2	28877	30196	2_25
GUT_GENOME027284_2	30587	32791	2_26
GUT_GENOME027284_2	33012	35738	2_27
GUT_GENOME027284_2	35921	37045	2_28
GUT_GENOME027284_2	37333	46929	2_29
GUT_GENOME027284_2	46948	48453	2_30
GUT_GENOME027284_2	48474	49622	2_31
GUT_GENOME027284_2	50089	50478	2_32
GUT_GENOME027284_2	50758	51900	2_33
GUT_GENOME027284_2	52628	53716	2_34
GUT_GENOME027284_2	53990	56485	2_35
GUT_GENOME027284_2	56644	57309	2_36
GUT_GENOME027284_2	57321	58862	2_37
GUT_GENOME027284_2	59404	60309	2_38
GUT_GENOME027284_2	60438	61340	2_39
GUT_GENOME027284_2	61756	62766	2_40
GUT_GENOME027284_2	63345	65387	2_41
GUT_GENOME027284_2	65484	66146	2_42
GUT_GENOME027284_2	66285	67058	2_43
GUT_GENOME027284_2	67127	67807	2_44
GUT_GENOME027284_2	67853	70225	2_45
GUT_GENOME027284_2	70582	70905	2_46
GUT_GENOME027284_2	70966	71376	2_47
GUT_GENOME027284_2	71411	72202	2_48
GUT_GENOME027284_2	72241	73566	2_49
GUT_GENOME027284_2	73574	74374	2_50
GUT_GENOME027284_2	74465	75661	2_51
GUT_GENOME027284_2	75676	76434	2_52
GUT_GENOME027284_2	76548	77297	2_53
GUT_GENOME027284_2	77419	81003	2_54
GUT_GENOME027284_2	81151	81885	2_55
GUT_GENOME027284_2	81989	82504	2_56
GUT_GENOME027284_2	82719	83729	2_57
GUT_GENOME027284_2	84467	85183	2_58
GUT_GENOME027284_2	85377	88088	2_59
GUT_GENOME027284_2	88542	89876	2_60
GUT_GENOME027284_2	89869	91248	2_61
GUT_GENOME027284_2	91264	92805	2_62
GUT_GENOME027284_2	92866	94167	2_63
GUT_GENOME027284_2	94370	95746	2_64
GUT_GENOME027284_2	95995	96519	2_65
GUT_GENOME027284_2	96540	99197	2_66
GUT_GENOME027284_2	99209	101299	2_67
GUT_GENOME027284_2	101379	103094	2_68
GUT_GENOME027284_2	103615	104493	2_69
GUT_GENOME027284_2	104503	106266	2_70
GUT_GENOME027284_2	106440	107066	2_71
GUT_GENOME027284_2	107071	107652	2_72
GUT_GENOME027284_2	107652	108698	2_73
GUT_GENOME027284_2	109015	111606	2_74
GUT_GENOME027284_2	111621	112562	2_75
GUT_GENOME027284_2	112614	114047	2_76
GUT_GENOME027284_2	114228	114479	2_77
GUT_GENOME027284_2	114745	115698	2_78
GUT_GENOME027284_2	116154	117593	2_79
GUT_GENOME027284_2	117835	118782	2_80
GUT_GENOME027284_2	118994	119542	2_81
GUT_GENOME027284_2	119963	120346	2_82
GUT_GENOME027284_2	120357	121946	2_83
GUT_GENOME027284_2	122161	123018	2_84
GUT_GENOME027284_2	123109	124470	2_85
GUT_GENOME027284_2	124576	125085	2_86
GUT_GENOME027284_2	125131	126075	2_87
GUT_GENOME027284_2	126151	126873	2_88
GUT_GENOME027284_2	126929	127375	2_89
GUT_GENOME027284_2	127614	128942	2_90
GUT_GENOME027284_2	129274	131274	2_91
GUT_GENOME027284_2	131510	133606	2_92
GUT_GENOME027284_2	133893	136481	2_93
GUT_GENOME027284_2	136749	137960	2_94
GUT_GENOME027284_2	138092	139333	2_95
GUT_GENOME027284_2	139435	140352	2_96
GUT_GENOME027284_2	140393	141583	2_97
GUT_GENOME027284_2	141703	142824	2_98
GUT_GENOME027284_2	142993	144210	2_99
GUT_GENOME027284_2	144550	145332	2_100
GUT_GENOME027284_2	145420	145914	2_101
GUT_GENOME027284_2	145911	146645	2_102
GUT_GENOME027284_2	146693	147637	2_103
GUT_GENOME027284_2	147845	148705	2_104
GUT_GENOME027284_20	144	587	20_1
GUT_GENOME027284_20	644	1963	20_2
GUT_GENOME027284_20	3052	5241	20_3
GUT_GENOME027284_20	5298	6581	20_4
GUT_GENOME027284_20	6622	7476	20_5
GUT_GENOME027284_20	7686	8858	20_6
GUT_GENOME027284_20	8948	9805	20_7
GUT_GENOME027284_20	10025	10438	20_8
GUT_GENOME027284_20	10490	10969	20_9
GUT_GENOME027284_20	11257	12378	20_10
GUT_GENOME027284_20	12378	14192	20_11
GUT_GENOME027284_20	14439	16106	20_12
GUT_GENOME027284_20	16219	17172	20_13
GUT_GENOME027284_20	17234	18826	20_14
GUT_GENOME027284_20	18857	21850	20_15
GUT_GENOME027284_20	22296	22748	20_16
GUT_GENOME027284_20	22624	24378	20_17
GUT_GENOME027284_20	24729	26714	20_18
GUT_GENOME027284_20	26869	29040	20_19
GUT_GENOME027284_20	29193	30398	20_20
GUT_GENOME027284_20	30451	31620	20_21
GUT_GENOME027284_20	31938	34802	20_22
GUT_GENOME027284_20	34844	36073	20_23
GUT_GENOME027284_20	36045	37517	20_24
GUT_GENOME027284_20	37540	38907	20_25
GUT_GENOME027284_20	38995	41793	20_26
GUT_GENOME027284_20	41821	42234	20_27
GUT_GENOME027284_20	42516	43631	20_28
GUT_GENOME027284_20	44081	45256	20_29
GUT_GENOME027284_20	45569	45745	20_30
GUT_GENOME027284_21	2	499	21_1
GUT_GENOME027284_21	738	1868	21_2
GUT_GENOME027284_21	2438	3973	21_3
GUT_GENOME027284_21	4246	5427	21_4
GUT_GENOME027284_21	5532	6152	21_5
GUT_GENOME027284_21	6362	8845	21_6
GUT_GENOME027284_21	8886	9512	21_7
GUT_GENOME027284_21	9531	11078	21_8
GUT_GENOME027284_21	11226	12785	21_9
GUT_GENOME027284_21	12861	14183	21_10
GUT_GENOME027284_21	14224	14922	21_11
GUT_GENOME027284_21	14958	16220	21_12
GUT_GENOME027284_21	16234	17040	21_13
GUT_GENOME027284_21	17149	18213	21_14
GUT_GENOME027284_21	18363	18674	21_15
GUT_GENOME027284_21	18861	20624	21_16
GUT_GENOME027284_21	20694	23597	21_17
GUT_GENOME027284_21	23603	24163	21_18
GUT_GENOME027284_21	24200	24472	21_19
GUT_GENOME027284_21	24680	26329	21_20
GUT_GENOME027284_21	26577	27428	21_21
GUT_GENOME027284_21	27536	28402	21_22
GUT_GENOME027284_21	28461	30788	21_23
GUT_GENOME027284_21	30979	31920	21_24
GUT_GENOME027284_21	31941	32399	21_25
GUT_GENOME027284_21	32429	33709	21_26
GUT_GENOME027284_21	34351	35514	21_27
GUT_GENOME027284_21	36093	37148	21_28
GUT_GENOME027284_21	37153	38100	21_29
GUT_GENOME027284_21	38070	39182	21_30
GUT_GENOME027284_21	39254	40477	21_31
GUT_GENOME027284_21	40485	41009	21_32
GUT_GENOME027284_21	41042	41794	21_33
GUT_GENOME027284_21	41799	42179	21_34
GUT_GENOME027284_22	305	1753	22_1
GUT_GENOME027284_22	1768	2562	22_2
GUT_GENOME027284_22	2700	3179	22_3
GUT_GENOME027284_22	3304	3816	22_4
GUT_GENOME027284_22	3936	4400	22_5
GUT_GENOME027284_22	4397	4957	22_6
GUT_GENOME027284_22	5124	5624	22_7
GUT_GENOME027284_22	5787	6629	22_8
GUT_GENOME027284_22	6807	8399	22_9
GUT_GENOME027284_22	8495	8962	22_10
GUT_GENOME027284_22	9229	11157	22_11
GUT_GENOME027284_22	11191	12438	22_12
GUT_GENOME027284_22	12452	13063	22_13
GUT_GENOME027284_22	13063	14064	22_14
GUT_GENOME027284_22	14100	15365	22_15
GUT_GENOME027284_22	15456	16496	22_16
GUT_GENOME027284_22	16523	17359	22_17
GUT_GENOME027284_22	17369	18418	22_18
GUT_GENOME027284_22	18517	20025	22_19
GUT_GENOME027284_22	20051	21289	22_20
GUT_GENOME027284_22	21346	22404	22_21
GUT_GENOME027284_22	22515	25133	22_22
GUT_GENOME027284_22	25185	25937	22_23
GUT_GENOME027284_22	25994	27136	22_24
GUT_GENOME027284_22	27263	28033	22_25
GUT_GENOME027284_22	28247	29269	22_26
GUT_GENOME027284_22	29419	29613	22_27
GUT_GENOME027284_22	29689	30999	22_28
GUT_GENOME027284_22	31049	31789	22_29
GUT_GENOME027284_22	31989	32168	22_30
GUT_GENOME027284_22	32296	32466	22_31
GUT_GENOME027284_22	32635	32946	22_32
GUT_GENOME027284_22	33138	34175	22_33
GUT_GENOME027284_22	34193	35200	22_34
GUT_GENOME027284_22	35203	36714	22_35
GUT_GENOME027284_23	50	1174	23_1
GUT_GENOME027284_23	1304	2533	23_2
GUT_GENOME027284_23	2827	2991	23_3
GUT_GENOME027284_23	3059	3520	23_4
GUT_GENOME027284_23	3598	4245	23_5
GUT_GENOME027284_23	4554	5039	23_6
GUT_GENOME027284_23	5051	5512	23_7
GUT_GENOME027284_23	5562	8630	23_8
GUT_GENOME027284_23	8643	11345	23_9
GUT_GENOME027284_23	11364	14609	23_10
GUT_GENOME027284_23	15235	15537	23_11
GUT_GENOME027284_23	15549	16013	23_12
GUT_GENOME027284_23	16033	16422	23_13
GUT_GENOME027284_23	16433	16987	23_14
GUT_GENOME027284_23	16996	17316	23_15
GUT_GENOME027284_23	17313	17615	23_16
GUT_GENOME027284_23	17653	18792	23_17
GUT_GENOME027284_23	18811	19503	23_18
GUT_GENOME027284_23	19519	20739	23_19
GUT_GENOME027284_23	21151	21567	23_20
GUT_GENOME027284_23	21560	21793	23_21
GUT_GENOME027284_23	21971	22369	23_22
GUT_GENOME027284_23	22433	22582	23_23
GUT_GENOME027284_23	22758	23489	23_24
GUT_GENOME027284_23	23501	24223	23_25
GUT_GENOME027284_23	24241	25986	23_26
GUT_GENOME027284_23	25983	26681	23_27
GUT_GENOME027284_23	26821	27153	23_28
GUT_GENOME027284_23	27179	27379	23_29
GUT_GENOME027284_23	27399	27920	23_30
GUT_GENOME027284_23	27914	28660	23_31
GUT_GENOME027284_23	28657	28824	23_32
GUT_GENOME027284_23	28966	30153	23_33
GUT_GENOME027284_23	30341	30649	23_34
GUT_GENOME027284_23	30652	30885	23_35
GUT_GENOME027284_23	30908	31342	23_36
GUT_GENOME027284_23	31379	32182	23_37
GUT_GENOME027284_23	32377	32877	23_38
GUT_GENOME027284_23	32870	33568	23_39
GUT_GENOME027284_23	33552	33950	23_40
GUT_GENOME027284_23	33943	34305	23_41
GUT_GENOME027284_23	34357	34560	23_42
GUT_GENOME027284_23	34701	35090	23_43
GUT_GENOME027284_23	35194	35325	23_44
GUT_GENOME027284_23	35457	35549	23_45
GUT_GENOME027284_24	109	2871	24_1
GUT_GENOME027284_24	2954	4654	24_2
GUT_GENOME027284_24	4693	6234	24_3
GUT_GENOME027284_24	6539	8746	24_4
GUT_GENOME027284_24	8823	9917	24_5
GUT_GENOME027284_24	10038	10820	24_6
GUT_GENOME027284_24	10826	12163	24_7
GUT_GENOME027284_24	12258	13142	24_8
GUT_GENOME027284_24	13191	14837	24_9
GUT_GENOME027284_24	14969	15550	24_10
GUT_GENOME027284_24	15979	16545	24_11
GUT_GENOME027284_24	16561	17436	24_12
GUT_GENOME027284_24	17677	18366	24_13
GUT_GENOME027284_24	18374	18976	24_14
GUT_GENOME027284_24	18989	20293	24_15
GUT_GENOME027284_24	20399	20920	24_16
GUT_GENOME027284_24	21026	22171	24_17
GUT_GENOME027284_24	22332	23753	24_18
GUT_GENOME027284_24	23850	24575	24_19
GUT_GENOME027284_24	25185	25919	24_20
GUT_GENOME027284_24	25987	27147	24_21
GUT_GENOME027284_24	27200	28015	24_22
GUT_GENOME027284_24	28021	30588	24_23
GUT_GENOME027284_24	30990	32897	24_24
GUT_GENOME027284_24	33341	33766	24_25
GUT_GENOME027284_24	33738	33947	24_26
GUT_GENOME027284_25	1	228	25_1
GUT_GENOME027284_25	318	836	25_2
GUT_GENOME027284_25	997	1188	25_3
GUT_GENOME027284_25	2006	2380	25_4
GUT_GENOME027284_25	2377	3531	25_5
GUT_GENOME027284_25	3904	6123	25_6
GUT_GENOME027284_25	6390	7601	25_7
GUT_GENOME027284_25	7683	9587	25_8
GUT_GENOME027284_25	9764	10159	25_9
GUT_GENOME027284_25	10643	11236	25_10
GUT_GENOME027284_25	11300	12289	25_11
GUT_GENOME027284_25	12477	13337	25_12
GUT_GENOME027284_25	13355	13858	25_13
GUT_GENOME027284_25	13923	15779	25_14
GUT_GENOME027284_25	15855	17318	25_15
GUT_GENOME027284_25	17425	19029	25_16
GUT_GENOME027284_25	19692	20432	25_17
GUT_GENOME027284_25	20446	20889	25_18
GUT_GENOME027284_25	20933	22429	25_19
GUT_GENOME027284_25	22454	23560	25_20
GUT_GENOME027284_25	23583	24539	25_21
GUT_GENOME027284_25	24660	26240	25_22
GUT_GENOME027284_25	26992	29826	25_23
GUT_GENOME027284_25	30012	30851	25_24
GUT_GENOME027284_25	30874	31191	25_25
GUT_GENOME027284_25	32026	32691	25_26
GUT_GENOME027284_25	32646	32873	25_27
GUT_GENOME027284_26	115	270	26_1
GUT_GENOME027284_26	304	2001	26_2
GUT_GENOME027284_26	2022	2969	26_3
GUT_GENOME027284_26	2966	3805	26_4
GUT_GENOME027284_26	3832	5832	26_5
GUT_GENOME027284_26	5829	6746	26_6
GUT_GENOME027284_26	6884	7771	26_7
GUT_GENOME027284_26	7865	8782	26_8
GUT_GENOME027284_26	8830	9561	26_9
GUT_GENOME027284_26	9601	10053	26_10
GUT_GENOME027284_26	10091	10444	26_11
GUT_GENOME027284_26	10594	12834	26_12
GUT_GENOME027284_26	12921	15239	26_13
GUT_GENOME027284_26	15311	16057	26_14
GUT_GENOME027284_26	16203	17684	26_15
GUT_GENOME027284_26	17847	19544	26_16
GUT_GENOME027284_26	19830	20390	26_17
GUT_GENOME027284_26	20447	20881	26_18
GUT_GENOME027284_26	21044	23425	26_19
GUT_GENOME027284_26	23458	24696	26_20
GUT_GENOME027284_26	24880	26895	26_21
GUT_GENOME027284_26	26983	27420	26_22
GUT_GENOME027284_26	27704	30589	26_23
GUT_GENOME027284_27	2	466	27_1
GUT_GENOME027284_27	491	940	27_2
GUT_GENOME027284_27	1108	1488	27_3
GUT_GENOME027284_27	2071	2388	27_4
GUT_GENOME027284_27	2471	3436	27_5
GUT_GENOME027284_27	3516	4181	27_6
GUT_GENOME027284_27	4627	5208	27_7
GUT_GENOME027284_27	5300	5872	27_8
GUT_GENOME027284_27	5906	7996	27_9
GUT_GENOME027284_27	8007	10244	27_10
GUT_GENOME027284_27	10730	11890	27_11
GUT_GENOME027284_27	11939	13051	27_12
GUT_GENOME027284_27	13152	13976	27_13
GUT_GENOME027284_27	14911	15582	27_14
GUT_GENOME027284_27	15579	15923	27_15
GUT_GENOME027284_27	15923	16261	27_16
GUT_GENOME027284_27	16258	17187	27_17
GUT_GENOME027284_27	17617	19788	27_18
GUT_GENOME027284_27	20014	21180	27_19
GUT_GENOME027284_27	21492	22028	27_20
GUT_GENOME027284_27	22032	22715	27_21
GUT_GENOME027284_27	23102	24880	27_22
GUT_GENOME027284_27	25670	27664	27_23
GUT_GENOME027284_27	27752	28645	27_24
GUT_GENOME027284_27	29023	29700	27_25
GUT_GENOME027284_27	29874	30713	27_26
GUT_GENOME027284_28	612	1175	28_1
GUT_GENOME027284_28	1414	1761	28_2
GUT_GENOME027284_28	1958	4843	28_3
GUT_GENOME027284_28	5127	9473	28_4
GUT_GENOME027284_28	9490	11700	28_5
GUT_GENOME027284_28	11990	14068	28_6
GUT_GENOME027284_28	14122	14586	28_7
GUT_GENOME027284_28	14597	16198	28_8
GUT_GENOME027284_28	16253	16795	28_9
GUT_GENOME027284_28	16808	17854	28_10
GUT_GENOME027284_28	17866	19161	28_11
GUT_GENOME027284_28	19315	20619	28_12
GUT_GENOME027284_28	20616	21095	28_13
GUT_GENOME027284_28	21344	22402	28_14
GUT_GENOME027284_28	22806	24941	28_15
GUT_GENOME027284_28	25558	27180	28_16
GUT_GENOME027284_28	27311	27496	28_17
GUT_GENOME027284_28	27645	27827	28_18
GUT_GENOME027284_29	156	308	29_1
GUT_GENOME027284_29	389	1180	29_2
GUT_GENOME027284_29	1202	4768	29_3
GUT_GENOME027284_29	4948	5982	29_4
GUT_GENOME027284_29	6158	6985	29_5
GUT_GENOME027284_29	6985	8001	29_6
GUT_GENOME027284_29	8066	8854	29_7
GUT_GENOME027284_29	8898	9194	29_8
GUT_GENOME027284_29	9223	9576	29_9
GUT_GENOME027284_29	9609	9824	29_10
GUT_GENOME027284_29	10043	10540	29_11
GUT_GENOME027284_29	10562	10978	29_12
GUT_GENOME027284_29	10986	11549	29_13
GUT_GENOME027284_29	11564	13576	29_14
GUT_GENOME027284_29	13635	15155	29_15
GUT_GENOME027284_29	15307	15759	29_16
GUT_GENOME027284_29	15759	16097	29_17
GUT_GENOME027284_29	16138	16986	29_18
GUT_GENOME027284_29	17188	19257	29_19
GUT_GENOME027284_29	19452	19718	29_20
GUT_GENOME027284_29	19727	22075	29_21
GUT_GENOME027284_29	22306	24633	29_22
GUT_GENOME027284_29	24911	25966	29_23
GUT_GENOME027284_3	1	120	3_1
GUT_GENOME027284_3	290	1267	3_2
GUT_GENOME027284_3	1348	2730	3_3
GUT_GENOME027284_3	3039	3974	3_4
GUT_GENOME027284_3	4038	4646	3_5
GUT_GENOME027284_3	5664	6431	3_6
GUT_GENOME027284_3	6460	7701	3_7
GUT_GENOME027284_3	7719	8918	3_8
GUT_GENOME027284_3	9037	10296	3_9
GUT_GENOME027284_3	10475	11266	3_10
GUT_GENOME027284_3	11562	15425	3_11
GUT_GENOME027284_3	15477	15794	3_12
GUT_GENOME027284_3	15791	16117	3_13
GUT_GENOME027284_3	16434	20396	3_14
GUT_GENOME027284_3	20985	21575	3_15
GUT_GENOME027284_3	21572	35029	3_16
GUT_GENOME027284_3	35239	35409	3_17
GUT_GENOME027284_3	35910	36158	3_18
GUT_GENOME027284_3	36179	37072	3_19
GUT_GENOME027284_3	37330	37752	3_20
GUT_GENOME027284_3	37779	37949	3_21
GUT_GENOME027284_3	38334	39641	3_22
GUT_GENOME027284_3	40053	40577	3_23
GUT_GENOME027284_3	40678	41289	3_24
GUT_GENOME027284_3	41305	41886	3_25
GUT_GENOME027284_3	41941	42459	3_26
GUT_GENOME027284_3	42491	43273	3_27
GUT_GENOME027284_3	43275	44186	3_28
GUT_GENOME027284_3	44715	45074	3_29
GUT_GENOME027284_3	45233	46147	3_30
GUT_GENOME027284_3	46526	47545	3_31
GUT_GENOME027284_3	47560	48261	3_32
GUT_GENOME027284_3	48600	49568	3_33
GUT_GENOME027284_3	49590	50327	3_34
GUT_GENOME027284_3	50427	50582	3_35
GUT_GENOME027284_3	50575	51921	3_36
GUT_GENOME027284_3	51945	53138	3_37
GUT_GENOME027284_3	53324	54148	3_38
GUT_GENOME027284_3	54174	55397	3_39
GUT_GENOME027284_3	55978	57063	3_40
GUT_GENOME027284_3	57080	57847	3_41
GUT_GENOME027284_3	58082	59086	3_42
GUT_GENOME027284_3	59860	61197	3_43
GUT_GENOME027284_3	61462	64185	3_44
GUT_GENOME027284_3	64400	65896	3_45
GUT_GENOME027284_3	66590	66988	3_46
GUT_GENOME027284_3	67042	67539	3_47
GUT_GENOME027284_3	67551	68708	3_48
GUT_GENOME027284_3	68708	88354	3_49
GUT_GENOME027284_3	88449	90371	3_50
GUT_GENOME027284_3	90380	92500	3_51
GUT_GENOME027284_3	92454	92897	3_52
GUT_GENOME027284_3	93020	93757	3_53
GUT_GENOME027284_3	93764	93964	3_54
GUT_GENOME027284_3	93977	95575	3_55
GUT_GENOME027284_3	95653	96192	3_56
GUT_GENOME027284_3	96206	96841	3_57
GUT_GENOME027284_3	96841	105402	3_58
GUT_GENOME027284_3	105818	107302	3_59
GUT_GENOME027284_3	107376	107846	3_60
GUT_GENOME027284_3	107971	108213	3_61
GUT_GENOME027284_3	108210	108815	3_62
GUT_GENOME027284_3	108877	109473	3_63
GUT_GENOME027284_3	109466	110011	3_64
GUT_GENOME027284_3	110013	110555	3_65
GUT_GENOME027284_3	110575	111090	3_66
GUT_GENOME027284_3	111103	111630	3_67
GUT_GENOME027284_3	111726	114590	3_68
GUT_GENOME027284_3	115168	115872	3_69
GUT_GENOME027284_3	115872	116126	3_70
GUT_GENOME027284_3	116123	116416	3_71
GUT_GENOME027284_3	116426	117220	3_72
GUT_GENOME027284_3	117229	117552	3_73
GUT_GENOME027284_3	117578	118018	3_74
GUT_GENOME027284_3	118022	118876	3_75
GUT_GENOME027284_3	118895	119497	3_76
GUT_GENOME027284_3	119503	119886	3_77
GUT_GENOME027284_3	119961	120332	3_78
GUT_GENOME027284_3	120329	120622	3_79
GUT_GENOME027284_3	120640	120855	3_80
GUT_GENOME027284_3	120997	122466	3_81
GUT_GENOME027284_3	122725	123414	3_82
GUT_GENOME027284_3	123380	123691	3_83
GUT_GENOME027284_3	123698	124918	3_84
GUT_GENOME027284_3	124938	125930	3_85
GUT_GENOME027284_3	126114	126386	3_86
GUT_GENOME027284_3	126386	126664	3_87
GUT_GENOME027284_3	126795	127040	3_88
GUT_GENOME027284_3	127059	127265	3_89
GUT_GENOME027284_3	127382	127795	3_90
GUT_GENOME027284_3	127843	128052	3_91
GUT_GENOME027284_3	128049	128426	3_92
GUT_GENOME027284_3	128992	129327	3_93
GUT_GENOME027284_3	129440	131938	3_94
GUT_GENOME027284_3	131946	133895	3_95
GUT_GENOME027284_3	134100	135059	3_96
GUT_GENOME027284_3	135529	136080	3_97
GUT_GENOME027284_3	136086	136397	3_98
GUT_GENOME027284_3	136452	136733	3_99
GUT_GENOME027284_3	136836	138881	3_100
GUT_GENOME027284_3	138986	139684	3_101
GUT_GENOME027284_3	139961	142585	3_102
GUT_GENOME027284_3	142588	143820	3_103
GUT_GENOME027284_3	144342	148166	3_104
GUT_GENOME027284_30	1	609	30_1
GUT_GENOME027284_30	628	1134	30_2
GUT_GENOME027284_30	1134	1658	30_3
GUT_GENOME027284_30	2091	2399	30_4
GUT_GENOME027284_30	2454	2699	30_5
GUT_GENOME027284_30	2696	2926	30_6
GUT_GENOME027284_30	2939	3196	30_7
GUT_GENOME027284_30	3221	4504	30_8
GUT_GENOME027284_30	4501	4929	30_9
GUT_GENOME027284_30	4943	5164	30_10
GUT_GENOME027284_30	5176	5391	30_11
GUT_GENOME027284_30	5388	5732	30_12
GUT_GENOME027284_30	6872	7924	30_13
GUT_GENOME027284_30	7945	10269	30_14
GUT_GENOME027284_30	10354	11595	30_15
GUT_GENOME027284_30	11675	12427	30_16
GUT_GENOME027284_30	12528	13709	30_17
GUT_GENOME027284_30	13816	15159	30_18
GUT_GENOME027284_30	15281	15883	30_19
GUT_GENOME027284_30	15923	16096	30_20
GUT_GENOME027284_30	16334	18769	30_21
GUT_GENOME027284_30	19213	20784	30_22
GUT_GENOME027284_30	21294	21998	30_23
GUT_GENOME027284_30	22017	22586	30_24
GUT_GENOME027284_30	23071	23973	30_25
GUT_GENOME027284_31	2	1885	31_1
GUT_GENOME027284_31	2008	5679	31_2
GUT_GENOME027284_31	5731	6381	31_3
GUT_GENOME027284_31	6433	7572	31_4
GUT_GENOME027284_31	7701	8948	31_5
GUT_GENOME027284_31	9155	10417	31_6
GUT_GENOME027284_31	10424	11143	31_7
GUT_GENOME027284_31	11258	12202	31_8
GUT_GENOME027284_31	12199	12459	31_9
GUT_GENOME027284_31	12487	14175	31_10
GUT_GENOME027284_31	14443	15879	31_11
GUT_GENOME027284_31	15913	16824	31_12
GUT_GENOME027284_31	16999	18798	31_13
GUT_GENOME027284_31	18946	19938	31_14
GUT_GENOME027284_31	20563	21039	31_15
GUT_GENOME027284_31	21106	22575	31_16
GUT_GENOME027284_31	22597	23916	31_17
GUT_GENOME027284_32	95	451	32_1
GUT_GENOME027284_32	750	1388	32_2
GUT_GENOME027284_32	1528	2850	32_3
GUT_GENOME027284_32	2953	10638	32_4
GUT_GENOME027284_32	10700	11314	32_5
GUT_GENOME027284_32	11876	12676	32_6
GUT_GENOME027284_32	12683	13588	32_7
GUT_GENOME027284_32	13874	14584	32_8
GUT_GENOME027284_32	14613	15071	32_9
GUT_GENOME027284_32	15399	15710	32_10
GUT_GENOME027284_32	15688	16215	32_11
GUT_GENOME027284_32	16226	18148	32_12
GUT_GENOME027284_32	18145	19020	32_13
GUT_GENOME027284_32	19332	19688	32_14
GUT_GENOME027284_32	19681	20067	32_15
GUT_GENOME027284_32	20069	21010	32_16
GUT_GENOME027284_32	21179	22618	32_17
GUT_GENOME027284_32	22624	22935	32_18
GUT_GENOME027284_33	547	1026	33_1
GUT_GENOME027284_33	1028	2251	33_2
GUT_GENOME027284_33	2289	5849	33_3
GUT_GENOME027284_33	6169	6792	33_4
GUT_GENOME027284_33	6869	7864	33_5
GUT_GENOME027284_33	7997	8752	33_6
GUT_GENOME027284_33	8940	9326	33_7
GUT_GENOME027284_33	9337	9738	33_8
GUT_GENOME027284_33	10240	10617	33_9
GUT_GENOME027284_33	10765	13716	33_10
GUT_GENOME027284_33	13778	15898	33_11
GUT_GENOME027284_33	15945	17492	33_12
GUT_GENOME027284_33	17803	20862	33_13
GUT_GENOME027284_33	20908	21402	33_14
GUT_GENOME027284_33	21253	22053	33_15
GUT_GENOME027284_34	303	1472	34_1
GUT_GENOME027284_34	1528	2226	34_2
GUT_GENOME027284_34	2220	3455	34_3
GUT_GENOME027284_34	3464	4876	34_4
GUT_GENOME027284_34	5097	6449	34_5
GUT_GENOME027284_34	6545	9376	34_6
GUT_GENOME027284_34	9378	10388	34_7
GUT_GENOME027284_34	10794	12089	34_8
GUT_GENOME027284_34	12357	13394	34_9
GUT_GENOME027284_34	13494	14846	34_10
GUT_GENOME027284_34	15039	15905	34_11
GUT_GENOME027284_34	15991	16518	34_12
GUT_GENOME027284_34	16560	16964	34_13
GUT_GENOME027284_34	17099	17854	34_14
GUT_GENOME027284_34	17862	18887	34_15
GUT_GENOME027284_34	18962	19807	34_16
GUT_GENOME027284_34	19877	20173	34_17
GUT_GENOME027284_34	20277	20528	34_18
GUT_GENOME027284_35	401	1528	35_1
GUT_GENOME027284_35	1595	2470	35_2
GUT_GENOME027284_35	2575	4575	35_3
GUT_GENOME027284_35	4580	5581	35_4
GUT_GENOME027284_35	5598	6431	35_5
GUT_GENOME027284_35	6478	7026	35_6
GUT_GENOME027284_35	7236	8258	35_7
GUT_GENOME027284_35	8435	9502	35_8
GUT_GENOME027284_35	9551	10057	35_9
GUT_GENOME027284_35	10091	10615	35_10
GUT_GENOME027284_35	10633	13398	35_11
GUT_GENOME027284_35	13556	14320	35_12
GUT_GENOME027284_35	14439	15452	35_13
GUT_GENOME027284_35	15484	16023	35_14
GUT_GENOME027284_35	16225	16488	35_15
GUT_GENOME027284_35	16493	16684	35_16
GUT_GENOME027284_35	17422	17811	35_17
GUT_GENOME027284_36	302	1972	36_1
GUT_GENOME027284_36	2457	2831	36_2
GUT_GENOME027284_36	2850	3845	36_3
GUT_GENOME027284_36	4198	4599	36_4
GUT_GENOME027284_36	4596	5267	36_5
GUT_GENOME027284_36	5306	5530	36_6
GUT_GENOME027284_36	5689	7149	36_7
GUT_GENOME027284_36	7283	8038	36_8
GUT_GENOME027284_36	8174	9103	36_9
GUT_GENOME027284_36	9184	9390	36_10
GUT_GENOME027284_36	9496	9975	36_11
GUT_GENOME027284_36	9982	10974	36_12
GUT_GENOME027284_36	10986	11591	36_13
GUT_GENOME027284_36	11671	12060	36_14
GUT_GENOME027284_36	12142	12522	36_15
GUT_GENOME027284_36	12624	12740	36_16
GUT_GENOME027284_36	12753	12971	36_17
GUT_GENOME027284_36	13042	13830	36_18
GUT_GENOME027284_36	13846	15183	36_19
GUT_GENOME027284_36	15192	15638	36_20
GUT_GENOME027284_36	15661	15837	36_21
GUT_GENOME027284_36	15850	16356	36_22
GUT_GENOME027284_36	16369	16713	36_23
GUT_GENOME027284_36	16736	17302	36_24
GUT_GENOME027284_37	477	1763	37_1
GUT_GENOME027284_37	1956	3032	37_2
GUT_GENOME027284_37	3082	3717	37_3
GUT_GENOME027284_37	3831	4868	37_4
GUT_GENOME027284_37	5014	5463	37_5
GUT_GENOME027284_37	5538	6500	37_6
GUT_GENOME027284_37	6527	7633	37_7
GUT_GENOME027284_37	7842	8549	37_8
GUT_GENOME027284_37	8591	9979	37_9
GUT_GENOME027284_37	10019	11851	37_10
GUT_GENOME027284_37	12708	15035	37_11
GUT_GENOME027284_37	15090	15683	37_12
GUT_GENOME027284_37	15690	16448	37_13
GUT_GENOME027284_38	3	842	38_1
GUT_GENOME027284_38	868	1761	38_2
GUT_GENOME027284_38	1784	2764	38_3
GUT_GENOME027284_38	2853	3758	38_4
GUT_GENOME027284_38	3773	5083	38_5
GUT_GENOME027284_38	5370	5666	38_6
GUT_GENOME027284_38	5761	5892	38_7
GUT_GENOME027284_38	6762	7718	38_8
GUT_GENOME027284_38	7947	10049	38_9
GUT_GENOME027284_38	10087	10551	38_10
GUT_GENOME027284_38	10655	11839	38_11
GUT_GENOME027284_38	11849	12640	38_12
GUT_GENOME027284_38	12760	13935	38_13
GUT_GENOME027284_38	14117	16360	38_14
GUT_GENOME027284_39	45	470	39_1
GUT_GENOME027284_39	497	901	39_2
GUT_GENOME027284_39	1256	3841	39_3
GUT_GENOME027284_39	4183	4818	39_4
GUT_GENOME027284_39	4897	7089	39_5
GUT_GENOME027284_39	7404	8033	39_6
GUT_GENOME027284_39	8102	8284	39_7
GUT_GENOME027284_39	8504	9952	39_8
GUT_GENOME027284_39	10041	11309	39_9
GUT_GENOME027284_39	11321	12127	39_10
GUT_GENOME027284_39	12204	12710	39_11
GUT_GENOME027284_39	13168	13275	39_12
GUT_GENOME027284_4	183	560	4_1
GUT_GENOME027284_4	732	1910	4_2
GUT_GENOME027284_4	1957	2490	4_3
GUT_GENOME027284_4	2688	3707	4_4
GUT_GENOME027284_4	4141	4503	4_5
GUT_GENOME027284_4	5239	6654	4_6
GUT_GENOME027284_4	6651	7568	4_7
GUT_GENOME027284_4	7733	8176	4_8
GUT_GENOME027284_4	8259	10307	4_9
GUT_GENOME027284_4	10482	12422	4_10
GUT_GENOME027284_4	12437	14362	4_11
GUT_GENOME027284_4	14533	17262	4_12
GUT_GENOME027284_4	17636	19666	4_13
GUT_GENOME027284_4	19763	22297	4_14
GUT_GENOME027284_4	22311	26693	4_15
GUT_GENOME027284_4	27280	28617	4_16
GUT_GENOME027284_4	28654	29118	4_17
GUT_GENOME027284_4	29165	29893	4_18
GUT_GENOME027284_4	30049	31266	4_19
GUT_GENOME027284_4	31725	32471	4_20
GUT_GENOME027284_4	32872	34599	4_21
GUT_GENOME027284_4	34703	35602	4_22
GUT_GENOME027284_4	35633	37702	4_23
GUT_GENOME027284_4	37752	38486	4_24
GUT_GENOME027284_4	38960	40477	4_25
GUT_GENOME027284_4	40722	42773	4_26
GUT_GENOME027284_4	42979	43617	4_27
GUT_GENOME027284_4	43943	46984	4_28
GUT_GENOME027284_4	47342	48850	4_29
GUT_GENOME027284_4	48881	50110	4_30
GUT_GENOME027284_4	50115	51596	4_31
GUT_GENOME027284_4	51602	54385	4_32
GUT_GENOME027284_4	54366	55673	4_33
GUT_GENOME027284_4	55664	56245	4_34
GUT_GENOME027284_4	56288	56752	4_35
GUT_GENOME027284_4	56749	58104	4_36
GUT_GENOME027284_4	58147	59256	4_37
GUT_GENOME027284_4	59342	60937	4_38
GUT_GENOME027284_4	61542	62423	4_39
GUT_GENOME027284_4	62570	63883	4_40
GUT_GENOME027284_4	64104	64502	4_41
GUT_GENOME027284_4	64894	66210	4_42
GUT_GENOME027284_4	66273	67058	4_43
GUT_GENOME027284_4	67168	67914	4_44
GUT_GENOME027284_4	68093	68995	4_45
GUT_GENOME027284_4	69027	69581	4_46
GUT_GENOME027284_4	69673	71034	4_47
GUT_GENOME027284_4	71168	72043	4_48
GUT_GENOME027284_4	72316	74574	4_49
GUT_GENOME027284_4	74652	75203	4_50
GUT_GENOME027284_4	75323	78322	4_51
GUT_GENOME027284_4	78704	79072	4_52
GUT_GENOME027284_4	79437	80702	4_53
GUT_GENOME027284_4	80924	82243	4_54
GUT_GENOME027284_4	82266	83747	4_55
GUT_GENOME027284_4	83971	84348	4_56
GUT_GENOME027284_4	84546	85166	4_57
GUT_GENOME027284_4	85168	86052	4_58
GUT_GENOME027284_4	86139	87143	4_59
GUT_GENOME027284_4	87124	88137	4_60
GUT_GENOME027284_4	88174	90000	4_61
GUT_GENOME027284_4	90230	91339	4_62
GUT_GENOME027284_4	91534	93495	4_63
GUT_GENOME027284_4	93543	93782	4_64
GUT_GENOME027284_4	93951	95606	4_65
GUT_GENOME027284_4	95630	97063	4_66
GUT_GENOME027284_4	97123	98520	4_67
GUT_GENOME027284_4	98720	100168	4_68
GUT_GENOME027284_4	100514	102685	4_69
GUT_GENOME027284_4	102719	103954	4_70
GUT_GENOME027284_4	103975	104640	4_71
GUT_GENOME027284_4	104883	105560	4_72
GUT_GENOME027284_4	105587	106120	4_73
GUT_GENOME027284_4	106172	106621	4_74
GUT_GENOME027284_4	106856	107647	4_75
GUT_GENOME027284_4	107925	109043	4_76
GUT_GENOME027284_4	109048	109650	4_77
GUT_GENOME027284_4	109746	110555	4_78
GUT_GENOME027284_4	110610	111443	4_79
GUT_GENOME027284_4	111443	112132	4_80
GUT_GENOME027284_4	112277	112765	4_81
GUT_GENOME027284_4	113208	115940	4_82
GUT_GENOME027284_4	116415	117824	4_83
GUT_GENOME027284_4	117837	120206	4_84
GUT_GENOME027284_4	120358	121395	4_85
GUT_GENOME027284_4	121737	123629	4_86
GUT_GENOME027284_4	123796	126102	4_87
GUT_GENOME027284_4	126320	127534	4_88
GUT_GENOME027284_4	127678	128598	4_89
GUT_GENOME027284_4	128814	130025	4_90
GUT_GENOME027284_4	130150	132078	4_91
GUT_GENOME027284_4	132154	134133	4_92
GUT_GENOME027284_4	134470	137808	4_93
GUT_GENOME027284_4	137824	137997	4_94
GUT_GENOME027284_4	138800	139396	4_95
GUT_GENOME027284_4	139727	140194	4_96
GUT_GENOME027284_4	140398	140796	4_97
GUT_GENOME027284_4	140816	142186	4_98
GUT_GENOME027284_4	142245	143063	4_99
GUT_GENOME027284_4	143284	144306	4_100
GUT_GENOME027284_4	144303	145445	4_101
GUT_GENOME027284_4	145527	146069	4_102
GUT_GENOME027284_40	885	3434	40_1
GUT_GENOME027284_40	3593	4201	40_2
GUT_GENOME027284_40	4331	4930	40_3
GUT_GENOME027284_40	4957	6381	40_4
GUT_GENOME027284_40	6533	7288	40_5
GUT_GENOME027284_40	7302	8579	40_6
GUT_GENOME027284_40	8736	8915	40_7
GUT_GENOME027284_40	8929	10239	40_8
GUT_GENOME027284_40	10263	11702	40_9
GUT_GENOME027284_41	122	490	41_1
GUT_GENOME027284_41	500	1831	41_2
GUT_GENOME027284_41	2047	2547	41_3
GUT_GENOME027284_41	2697	2906	41_4
GUT_GENOME027284_41	2920	5391	41_5
GUT_GENOME027284_41	5467	5640	41_6
GUT_GENOME027284_42	2	391	42_1
GUT_GENOME027284_42	420	773	42_2
GUT_GENOME027284_42	826	1323	42_3
GUT_GENOME027284_42	1701	5219	42_4
GUT_GENOME027284_42	5251	5352	42_5
GUT_GENOME027284_43	209	1282	43_1
GUT_GENOME027284_43	1539	4250	43_2
GUT_GENOME027284_5	311	844	5_1
GUT_GENOME027284_5	1151	1555	5_2
GUT_GENOME027284_5	1655	2134	5_3
GUT_GENOME027284_5	2267	2470	5_4
GUT_GENOME027284_5	2697	3803	5_5
GUT_GENOME027284_5	3835	4482	5_6
GUT_GENOME027284_5	4647	5948	5_7
GUT_GENOME027284_5	5982	7331	5_8
GUT_GENOME027284_5	7435	8220	5_9
GUT_GENOME027284_5	8534	9601	5_10
GUT_GENOME027284_5	10041	10349	5_11
GUT_GENOME027284_5	10421	10957	5_12
GUT_GENOME027284_5	11198	11968	5_13
GUT_GENOME027284_5	11993	12760	5_14
GUT_GENOME027284_5	12839	14443	5_15
GUT_GENOME027284_5	14448	15290	5_16
GUT_GENOME027284_5	15312	16067	5_17
GUT_GENOME027284_5	16079	17422	5_18
GUT_GENOME027284_5	17559	18773	5_19
GUT_GENOME027284_5	19302	19913	5_20
GUT_GENOME027284_5	19949	20077	5_21
GUT_GENOME027284_5	20070	20966	5_22
GUT_GENOME027284_5	21015	21578	5_23
GUT_GENOME027284_5	21795	22337	5_24
GUT_GENOME027284_5	22510	24810	5_25
GUT_GENOME027284_5	24900	26144	5_26
GUT_GENOME027284_5	26313	27191	5_27
GUT_GENOME027284_5	27444	28103	5_28
GUT_GENOME027284_5	28261	29340	5_29
GUT_GENOME027284_5	29283	30461	5_30
GUT_GENOME027284_5	30458	31639	5_31
GUT_GENOME027284_5	31729	32562	5_32
GUT_GENOME027284_5	32616	33788	5_33
GUT_GENOME027284_5	34106	35161	5_34
GUT_GENOME027284_5	35375	36391	5_35
GUT_GENOME027284_5	36483	36785	5_36
GUT_GENOME027284_5	36789	39002	5_37
GUT_GENOME027284_5	39014	39664	5_38
GUT_GENOME027284_5	39798	41798	5_39
GUT_GENOME027284_5	41813	42094	5_40
GUT_GENOME027284_5	42766	43851	5_41
GUT_GENOME027284_5	44120	44803	5_42
GUT_GENOME027284_5	44969	45289	5_43
GUT_GENOME027284_5	45458	46921	5_44
GUT_GENOME027284_5	47009	47830	5_45
GUT_GENOME027284_5	47959	48972	5_46
GUT_GENOME027284_5	49128	49652	5_47
GUT_GENOME027284_5	50394	50585	5_48
GUT_GENOME027284_5	50980	51885	5_49
GUT_GENOME027284_5	51882	52247	5_50
GUT_GENOME027284_5	52802	53992	5_51
GUT_GENOME027284_5	54322	54912	5_52
GUT_GENOME027284_5	55082	55420	5_53
GUT_GENOME027284_5	55440	56129	5_54
GUT_GENOME027284_5	56148	56663	5_55
GUT_GENOME027284_5	56718	57095	5_56
GUT_GENOME027284_5	57268	61080	5_57
GUT_GENOME027284_5	61109	65437	5_58
GUT_GENOME027284_5	65646	66593	5_59
GUT_GENOME027284_5	66616	66963	5_60
GUT_GENOME027284_5	67116	67280	5_61
GUT_GENOME027284_5	68026	69426	5_62
GUT_GENOME027284_5	69576	70247	5_63
GUT_GENOME027284_5	70244	72340	5_64
GUT_GENOME027284_5	72628	73569	5_65
GUT_GENOME027284_5	73735	75072	5_66
GUT_GENOME027284_5	75235	77745	5_67
GUT_GENOME027284_5	77762	78658	5_68
GUT_GENOME027284_5	78707	80593	5_69
GUT_GENOME027284_5	80785	81747	5_70
GUT_GENOME027284_5	81762	82763	5_71
GUT_GENOME027284_5	83092	83889	5_72
GUT_GENOME027284_5	83917	86952	5_73
GUT_GENOME027284_5	87197	88390	5_74
GUT_GENOME027284_5	88412	91321	5_75
GUT_GENOME027284_5	91318	92205	5_76
GUT_GENOME027284_5	92283	93197	5_77
GUT_GENOME027284_5	93243	93740	5_78
GUT_GENOME027284_5	93836	95044	5_79
GUT_GENOME027284_5	95687	97879	5_80
GUT_GENOME027284_5	97960	98655	5_81
GUT_GENOME027284_5	98669	99715	5_82
GUT_GENOME027284_5	99774	101318	5_83
GUT_GENOME027284_5	101399	102280	5_84
GUT_GENOME027284_5	102367	103710	5_85
GUT_GENOME027284_5	103923	104924	5_86
GUT_GENOME027284_5	104928	105944	5_87
GUT_GENOME027284_5	106052	106774	5_88
GUT_GENOME027284_5	106941	107513	5_89
GUT_GENOME027284_5	107933	111283	5_90
GUT_GENOME027284_5	111592	111696	5_91
GUT_GENOME027284_5	111934	113517	5_92
GUT_GENOME027284_5	113623	115275	5_93
GUT_GENOME027284_5	115304	118366	5_94
GUT_GENOME027284_5	118823	120121	5_95
GUT_GENOME027284_5	120147	121151	5_96
GUT_GENOME027284_5	121585	123750	5_97
GUT_GENOME027284_5	123777	124598	5_98
GUT_GENOME027284_5	125149	128877	5_99
GUT_GENOME027284_5	128987	132814	5_100
GUT_GENOME027284_5	132851	136276	5_101
GUT_GENOME027284_5	136304	138160	5_102
GUT_GENOME027284_5	138442	138687	5_103
GUT_GENOME027284_6	72	884	6_1
GUT_GENOME027284_6	1155	1301	6_2
GUT_GENOME027284_6	1347	2171	6_3
GUT_GENOME027284_6	2214	3059	6_4
GUT_GENOME027284_6	3084	3476	6_5
GUT_GENOME027284_6	3490	4677	6_6
GUT_GENOME027284_6	4685	5458	6_7
GUT_GENOME027284_6	5496	6269	6_8
GUT_GENOME027284_6	6468	10058	6_9
GUT_GENOME027284_6	10234	11421	6_10
GUT_GENOME027284_6	11674	12789	6_11
GUT_GENOME027284_6	12889	14337	6_12
GUT_GENOME027284_6	14495	15037	6_13
GUT_GENOME027284_6	15034	15798	6_14
GUT_GENOME027284_6	15795	16874	6_15
GUT_GENOME027284_6	16879	17112	6_16
GUT_GENOME027284_6	17132	17311	6_17
GUT_GENOME027284_6	17396	18265	6_18
GUT_GENOME027284_6	18278	19630	6_19
GUT_GENOME027284_6	19768	21684	6_20
GUT_GENOME027284_6	21724	23448	6_21
GUT_GENOME027284_6	23897	25126	6_22
GUT_GENOME027284_6	25176	26579	6_23
GUT_GENOME027284_6	26731	27432	6_24
GUT_GENOME027284_6	27538	28818	6_25
GUT_GENOME027284_6	28957	30210	6_26
GUT_GENOME027284_6	30260	31111	6_27
GUT_GENOME027284_6	31124	31465	6_28
GUT_GENOME027284_6	31658	33196	6_29
GUT_GENOME027284_6	33243	33371	6_30
GUT_GENOME027284_6	33329	34093	6_31
GUT_GENOME027284_6	34136	34507	6_32
GUT_GENOME027284_6	34541	34912	6_33
GUT_GENOME027284_6	35192	35638	6_34
GUT_GENOME027284_6	35806	36597	6_35
GUT_GENOME027284_6	36678	37064	6_36
GUT_GENOME027284_6	37312	37659	6_37
GUT_GENOME027284_6	37776	40271	6_38
GUT_GENOME027284_6	40271	41197	6_39
GUT_GENOME027284_6	41413	42183	6_40
GUT_GENOME027284_6	42207	42905	6_41
GUT_GENOME027284_6	43007	45052	6_42
GUT_GENOME027284_6	45142	47094	6_43
GUT_GENOME027284_6	47315	48589	6_44
GUT_GENOME027284_6	48639	49592	6_45
GUT_GENOME027284_6	49595	50227	6_46
GUT_GENOME027284_6	50292	50972	6_47
GUT_GENOME027284_6	51294	53093	6_48
GUT_GENOME027284_6	53120	54358	6_49
GUT_GENOME027284_6	54359	55486	6_50
GUT_GENOME027284_6	55483	57939	6_51
GUT_GENOME027284_6	58021	58713	6_52
GUT_GENOME027284_6	58763	59794	6_53
GUT_GENOME027284_6	59975	61165	6_54
GUT_GENOME027284_6	61499	63556	6_55
GUT_GENOME027284_6	64118	66580	6_56
GUT_GENOME027284_6	66607	67344	6_57
GUT_GENOME027284_6	67455	67706	6_58
GUT_GENOME027284_6	67760	68587	6_59
GUT_GENOME027284_6	68728	69129	6_60
GUT_GENOME027284_6	69214	70995	6_61
GUT_GENOME027284_6	71061	71660	6_62
GUT_GENOME027284_6	71686	72084	6_63
GUT_GENOME027284_6	72109	72849	6_64
GUT_GENOME027284_6	72862	74166	6_65
GUT_GENOME027284_6	74317	77850	6_66
GUT_GENOME027284_6	77826	78551	6_67
GUT_GENOME027284_6	78726	82271	6_68
GUT_GENOME027284_6	82313	83215	6_69
GUT_GENOME027284_6	83215	83787	6_70
GUT_GENOME027284_6	83886	84872	6_71
GUT_GENOME027284_6	84970	85740	6_72
GUT_GENOME027284_6	85773	86291	6_73
GUT_GENOME027284_6	86332	86730	6_74
GUT_GENOME027284_6	86916	87983	6_75
GUT_GENOME027284_6	87993	88565	6_76
GUT_GENOME027284_6	88707	89702	6_77
GUT_GENOME027284_6	89713	90585	6_78
GUT_GENOME027284_6	90619	91659	6_79
GUT_GENOME027284_6	91695	92693	6_80
GUT_GENOME027284_6	92759	93778	6_81
GUT_GENOME027284_6	93791	94462	6_82
GUT_GENOME027284_6	94488	97097	6_83
GUT_GENOME027284_6	97114	97809	6_84
GUT_GENOME027284_6	98222	99442	6_85
GUT_GENOME027284_6	99535	100737	6_86
GUT_GENOME027284_6	100764	102758	6_87
GUT_GENOME027284_6	102768	104690	6_88
GUT_GENOME027284_6	104711	105325	6_89
GUT_GENOME027284_6	105373	105870	6_90
GUT_GENOME027284_6	105863	107137	6_91
GUT_GENOME027284_6	107219	108580	6_92
GUT_GENOME027284_6	108753	109268	6_93
GUT_GENOME027284_6	109277	109891	6_94
GUT_GENOME027284_6	110104	110460	6_95
GUT_GENOME027284_6	110465	111157	6_96
GUT_GENOME027284_6	111337	111807	6_97
GUT_GENOME027284_6	111797	112105	6_98
GUT_GENOME027284_6	112256	112945	6_99
GUT_GENOME027284_6	113033	113230	6_100
GUT_GENOME027284_6	113268	113612	6_101
GUT_GENOME027284_6	113728	114417	6_102
GUT_GENOME027284_6	114517	115413	6_103
GUT_GENOME027284_6	115500	116345	6_104
GUT_GENOME027284_6	116544	118061	6_105
GUT_GENOME027284_6	118183	120195	6_106
GUT_GENOME027284_6	120278	121639	6_107
GUT_GENOME027284_6	121740	123200	6_108
GUT_GENOME027284_6	123197	124525	6_109
GUT_GENOME027284_6	124585	124968	6_110
GUT_GENOME027284_6	125089	126177	6_111
GUT_GENOME027284_6	126209	127186	6_112
GUT_GENOME027284_6	127532	130375	6_113
GUT_GENOME027284_6	130377	132398	6_114
GUT_GENOME027284_6	132632	134404	6_115
GUT_GENOME027284_6	134525	135727	6_116
GUT_GENOME027284_6	135796	136866	6_117
GUT_GENOME027284_6	137030	137539	6_118
GUT_GENOME027284_6	137560	137829	6_119
GUT_GENOME027284_6	137833	138153	6_120
GUT_GENOME027284_7	287	4627	7_1
GUT_GENOME027284_7	4784	5194	7_2
GUT_GENOME027284_7	5191	5667	7_3
GUT_GENOME027284_7	5674	6096	7_4
GUT_GENOME027284_7	6523	8253	7_5
GUT_GENOME027284_7	8256	9467	7_6
GUT_GENOME027284_7	9558	10511	7_7
GUT_GENOME027284_7	10750	12303	7_8
GUT_GENOME027284_7	12366	14309	7_9
GUT_GENOME027284_7	14374	15522	7_10
GUT_GENOME027284_7	15665	16594	7_11
GUT_GENOME027284_7	17171	18094	7_12
GUT_GENOME027284_7	18110	19171	7_13
GUT_GENOME027284_7	19322	19744	7_14
GUT_GENOME027284_7	20455	20706	7_15
GUT_GENOME027284_7	20750	21616	7_16
GUT_GENOME027284_7	21613	23151	7_17
GUT_GENOME027284_7	23167	23700	7_18
GUT_GENOME027284_7	23721	25643	7_19
GUT_GENOME027284_7	25724	27961	7_20
GUT_GENOME027284_7	27981	29192	7_21
GUT_GENOME027284_7	29354	31294	7_22
GUT_GENOME027284_7	31630	31779	7_23
GUT_GENOME027284_7	31844	32350	7_24
GUT_GENOME027284_7	32350	32502	7_25
GUT_GENOME027284_7	32651	33829	7_26
GUT_GENOME027284_7	33988	34860	7_27
GUT_GENOME027284_7	35053	36378	7_28
GUT_GENOME027284_7	36512	37045	7_29
GUT_GENOME027284_7	37617	39734	7_30
GUT_GENOME027284_7	39822	41309	7_31
GUT_GENOME027284_7	41335	42564	7_32
GUT_GENOME027284_7	42741	43202	7_33
GUT_GENOME027284_7	43310	43732	7_34
GUT_GENOME027284_7	44046	45284	7_35
GUT_GENOME027284_7	45389	48559	7_36
GUT_GENOME027284_7	48708	50351	7_37
GUT_GENOME027284_7	50567	51082	7_38
GUT_GENOME027284_7	51320	52621	7_39
GUT_GENOME027284_7	52663	52791	7_40
GUT_GENOME027284_7	52772	53011	7_41
GUT_GENOME027284_7	53092	53286	7_42
GUT_GENOME027284_7	53613	55163	7_43
GUT_GENOME027284_7	55408	56442	7_44
GUT_GENOME027284_7	56473	57387	7_45
GUT_GENOME027284_7	57512	57604	7_46
GUT_GENOME027284_7	58015	59190	7_47
GUT_GENOME027284_7	59144	62230	7_48
GUT_GENOME027284_7	62992	64224	7_49
GUT_GENOME027284_7	65148	66131	7_50
GUT_GENOME027284_7	66422	66922	7_51
GUT_GENOME027284_7	66923	70840	7_52
GUT_GENOME027284_7	71538	72290	7_53
GUT_GENOME027284_7	72299	74281	7_54
GUT_GENOME027284_7	74318	75010	7_55
GUT_GENOME027284_7	76242	78113	7_56
GUT_GENOME027284_7	78183	78713	7_57
GUT_GENOME027284_7	78944	80773	7_58
GUT_GENOME027284_7	80886	81338	7_59
GUT_GENOME027284_7	81453	81779	7_60
GUT_GENOME027284_7	81874	82812	7_61
GUT_GENOME027284_7	83099	83653	7_62
GUT_GENOME027284_7	83850	84827	7_63
GUT_GENOME027284_7	85018	87654	7_64
GUT_GENOME027284_7	87979	88899	7_65
GUT_GENOME027284_7	89104	89769	7_66
GUT_GENOME027284_7	89892	91445	7_67
GUT_GENOME027284_7	91449	92066	7_68
GUT_GENOME027284_7	92087	92590	7_69
GUT_GENOME027284_7	92837	94693	7_70
GUT_GENOME027284_7	94880	96385	7_71
GUT_GENOME027284_7	96714	98678	7_72
GUT_GENOME027284_7	98873	99667	7_73
GUT_GENOME027284_7	99821	100840	7_74
GUT_GENOME027284_7	101068	104112	7_75
GUT_GENOME027284_7	104167	105846	7_76
GUT_GENOME027284_7	105960	106607	7_77
GUT_GENOME027284_7	106698	108185	7_78
GUT_GENOME027284_7	108275	108694	7_79
GUT_GENOME027284_7	108760	109455	7_80
GUT_GENOME027284_7	109599	110105	7_81
GUT_GENOME027284_7	110348	110890	7_82
GUT_GENOME027284_7	111512	112843	7_83
GUT_GENOME027284_7	112877	114703	7_84
GUT_GENOME027284_7	114796	115173	7_85
GUT_GENOME027284_7	115194	115682	7_86
GUT_GENOME027284_7	118058	119047	7_87
GUT_GENOME027284_7	119403	119963	7_88
GUT_GENOME027284_8	61	1464	8_1
GUT_GENOME027284_8	1509	2471	8_2
GUT_GENOME027284_8	2768	3559	8_3
GUT_GENOME027284_8	3738	4394	8_4
GUT_GENOME027284_8	4578	4802	8_5
GUT_GENOME027284_8	4799	5278	8_6
GUT_GENOME027284_8	5275	5508	8_7
GUT_GENOME027284_8	5492	8314	8_8
GUT_GENOME027284_8	8284	8991	8_9
GUT_GENOME027284_8	9045	9722	8_10
GUT_GENOME027284_8	9865	10455	8_11
GUT_GENOME027284_8	10479	11096	8_12
GUT_GENOME027284_8	11155	13227	8_13
GUT_GENOME027284_8	13227	13769	8_14
GUT_GENOME027284_8	13839	14306	8_15
GUT_GENOME027284_8	15030	16907	8_16
GUT_GENOME027284_8	17278	18576	8_17
GUT_GENOME027284_8	18608	19363	8_18
GUT_GENOME027284_8	19521	20969	8_19
GUT_GENOME027284_8	21442	22644	8_20
GUT_GENOME027284_8	22756	26007	8_21
GUT_GENOME027284_8	26019	27398	8_22
GUT_GENOME027284_8	27432	28346	8_23
GUT_GENOME027284_8	28661	29443	8_24
GUT_GENOME027284_8	29643	30467	8_25
GUT_GENOME027284_8	30608	30835	8_26
GUT_GENOME027284_8	31042	31839	8_27
GUT_GENOME027284_8	31852	32565	8_28
GUT_GENOME027284_8	32579	33745	8_29
GUT_GENOME027284_8	33764	34171	8_30
GUT_GENOME027284_8	34644	36158	8_31
GUT_GENOME027284_8	36319	39321	8_32
GUT_GENOME027284_8	39903	41705	8_33
GUT_GENOME027284_8	41780	42199	8_34
GUT_GENOME027284_8	42196	42507	8_35
GUT_GENOME027284_8	42627	43340	8_36
GUT_GENOME027284_8	43711	45246	8_37
GUT_GENOME027284_8	45333	46133	8_38
GUT_GENOME027284_8	46301	47911	8_39
GUT_GENOME027284_8	48080	49495	8_40
GUT_GENOME027284_8	49480	52248	8_41
GUT_GENOME027284_8	52411	52596	8_42
GUT_GENOME027284_8	52938	55106	8_43
GUT_GENOME027284_8	55139	57016	8_44
GUT_GENOME027284_8	57285	59078	8_45
GUT_GENOME027284_8	59299	62355	8_46
GUT_GENOME027284_8	62669	63106	8_47
GUT_GENOME027284_8	63425	64453	8_48
GUT_GENOME027284_8	64669	65544	8_49
GUT_GENOME027284_8	65541	66473	8_50
GUT_GENOME027284_8	66673	68619	8_51
GUT_GENOME027284_8	68639	69910	8_52
GUT_GENOME027284_8	69970	71415	8_53
GUT_GENOME027284_8	71604	72266	8_54
GUT_GENOME027284_8	72267	73283	8_55
GUT_GENOME027284_8	73286	73993	8_56
GUT_GENOME027284_8	73944	74399	8_57
GUT_GENOME027284_8	74468	75439	8_58
GUT_GENOME027284_8	75565	76083	8_59
GUT_GENOME027284_8	76083	77582	8_60
GUT_GENOME027284_8	77692	78675	8_61
GUT_GENOME027284_8	79169	79969	8_62
GUT_GENOME027284_8	80088	81956	8_63
GUT_GENOME027284_8	82186	83262	8_64
GUT_GENOME027284_8	83367	86591	8_65
GUT_GENOME027284_8	86875	87513	8_66
GUT_GENOME027284_8	87710	89275	8_67
GUT_GENOME027284_8	89260	89946	8_68
GUT_GENOME027284_8	90166	92982	8_69
GUT_GENOME027284_8	92988	93701	8_70
GUT_GENOME027284_8	93860	95239	8_71
GUT_GENOME027284_8	95473	96177	8_72
GUT_GENOME027284_8	96338	97840	8_73
GUT_GENOME027284_8	98358	99887	8_74
GUT_GENOME027284_8	100041	100553	8_75
GUT_GENOME027284_8	100550	101173	8_76
GUT_GENOME027284_8	101209	102579	8_77
GUT_GENOME027284_8	102617	103600	8_78
GUT_GENOME027284_8	103805	105031	8_79
GUT_GENOME027284_8	105098	106099	8_80
GUT_GENOME027284_8	107075	108043	8_81
GUT_GENOME027284_8	108842	109444	8_82
GUT_GENOME027284_8	109886	110776	8_83
GUT_GENOME027284_8	110789	111253	8_84
GUT_GENOME027284_8	111243	111629	8_85
GUT_GENOME027284_8	111780	112169	8_86
GUT_GENOME027284_8	112181	112528	8_87
GUT_GENOME027284_8	112806	114236	8_88
GUT_GENOME027284_9	3	533	9_1
GUT_GENOME027284_9	530	1372	9_2
GUT_GENOME027284_9	1384	2517	9_3
GUT_GENOME027284_9	2468	4465	9_4
GUT_GENOME027284_9	4452	5021	9_5
GUT_GENOME027284_9	5014	6075	9_6
GUT_GENOME027284_9	6111	7247	9_7
GUT_GENOME027284_9	7295	8197	9_8
GUT_GENOME027284_9	8205	8957	9_9
GUT_GENOME027284_9	9016	9150	9_10
GUT_GENOME027284_9	9161	10936	9_11
GUT_GENOME027284_9	10929	11924	9_12
GUT_GENOME027284_9	11929	15777	9_13
GUT_GENOME027284_9	15779	15934	9_14
GUT_GENOME027284_9	16092	17270	9_15
GUT_GENOME027284_9	17257	19104	9_16
GUT_GENOME027284_9	19349	19522	9_17
GUT_GENOME027284_9	19586	19810	9_18
GUT_GENOME027284_9	19839	19934	9_19
GUT_GENOME027284_9	20206	21120	9_20
GUT_GENOME027284_9	21126	22025	9_21
GUT_GENOME027284_9	22257	23237	9_22
GUT_GENOME027284_9	23320	24336	9_23
GUT_GENOME027284_9	24341	25123	9_24
GUT_GENOME027284_9	25450	27435	9_25
GUT_GENOME027284_9	27547	27993	9_26
GUT_GENOME027284_9	27990	28910	9_27
GUT_GENOME027284_9	29451	32120	9_28
GUT_GENOME027284_9	32117	32242	9_29
GUT_GENOME027284_9	32456	35149	9_30
GUT_GENOME027284_9	35190	36806	9_31
GUT_GENOME027284_9	37024	37725	9_32
GUT_GENOME027284_9	37743	38756	9_33
GUT_GENOME027284_9	38901	39134	9_34
GUT_GENOME027284_9	39696	40277	9_35
GUT_GENOME027284_9	41018	41356	9_36
GUT_GENOME027284_9	41350	41658	9_37
GUT_GENOME027284_9	42006	43229	9_38
GUT_GENOME027284_9	43226	43600	9_39
GUT_GENOME027284_9	44619	44750	9_40
GUT_GENOME027284_9	44764	45381	9_41
GUT_GENOME027284_9	45383	46465	9_42
GUT_GENOME027284_9	47201	48550	9_43
GUT_GENOME027284_9	48751	49212	9_44
GUT_GENOME027284_9	49341	51521	9_45
GUT_GENOME027284_9	51546	51827	9_46
GUT_GENOME027284_9	51838	52989	9_47
GUT_GENOME027284_9	53255	54436	9_48
GUT_GENOME027284_9	54446	57565	9_49
GUT_GENOME027284_9	57593	58966	9_50
GUT_GENOME027284_9	59318	60016	9_51
GUT_GENOME027284_9	60328	61308	9_52
GUT_GENOME027284_9	61467	62177	9_53
GUT_GENOME027284_9	62366	62923	9_54
GUT_GENOME027284_9	63031	64599	9_55
GUT_GENOME027284_9	64606	65499	9_56
GUT_GENOME027284_9	65572	66069	9_57
GUT_GENOME027284_9	66252	67934	9_58
GUT_GENOME027284_9	68145	70544	9_59
GUT_GENOME027284_9	70883	72160	9_60
GUT_GENOME027284_9	72213	73544	9_61
GUT_GENOME027284_9	73607	75367	9_62
GUT_GENOME027284_9	75435	77717	9_63
GUT_GENOME027284_9	78463	80052	9_64
GUT_GENOME027284_9	80145	82562	9_65
GUT_GENOME027284_9	82638	85112	9_66
GUT_GENOME027284_9	85235	86317	9_67
GUT_GENOME027284_9	86424	87860	9_68
GUT_GENOME027284_9	88099	88968	9_69
GUT_GENOME027284_9	88968	89990	9_70
GUT_GENOME027284_9	90032	90412	9_71
GUT_GENOME027284_9	90515	92221	9_72
GUT_GENOME027284_9	92482	94566	9_73
GUT_GENOME027284_9	94834	96663	9_74
GUT_GENOME027284_9	96697	99735	9_75
GUT_GENOME027284_9	99981	100208	9_76
GUT_GENOME027284_9	101452	101841	9_77
