1_1	GUT_GENOME066135_1_1
1_2	GUT_GENOME066135_1_2
1_3	GUT_GENOME066135_1_3
1_4	GUT_GENOME066135_1_4
1_5	GUT_GENOME066135_1_5
1_6	GUT_GENOME066135_1_6
1_7	GUT_GENOME066135_1_7
1_8	GUT_GENOME066135_1_8
1_9	GUT_GENOME066135_1_9
1_10	GUT_GENOME066135_1_10
1_11	GUT_GENOME066135_1_11
1_12	GUT_GENOME066135_1_12
1_13	GUT_GENOME066135_1_13
1_14	GUT_GENOME066135_1_14
1_15	GUT_GENOME066135_1_15
1_16	GUT_GENOME066135_1_16
1_17	GUT_GENOME066135_1_17
1_18	GUT_GENOME066135_1_18
1_19	GUT_GENOME066135_1_19
1_20	GUT_GENOME066135_1_20
1_21	GUT_GENOME066135_1_21
1_22	GUT_GENOME066135_1_22
1_23	GUT_GENOME066135_1_23
1_24	GUT_GENOME066135_1_24
1_25	GUT_GENOME066135_1_25
1_26	GUT_GENOME066135_1_26
1_27	GUT_GENOME066135_1_27
1_28	GUT_GENOME066135_1_28
1_29	GUT_GENOME066135_1_29
1_30	GUT_GENOME066135_1_30
1_31	GUT_GENOME066135_1_31
1_32	GUT_GENOME066135_1_32
1_33	GUT_GENOME066135_1_33
1_34	GUT_GENOME066135_1_34
1_35	GUT_GENOME066135_1_35
1_36	GUT_GENOME066135_1_36
1_37	GUT_GENOME066135_1_37
1_38	GUT_GENOME066135_1_38
1_39	GUT_GENOME066135_1_39
1_40	GUT_GENOME066135_1_40
2_1	GUT_GENOME066135_2_1
2_2	GUT_GENOME066135_2_2
2_3	GUT_GENOME066135_2_3
2_4	GUT_GENOME066135_2_4
2_5	GUT_GENOME066135_2_5
2_6	GUT_GENOME066135_2_6
2_7	GUT_GENOME066135_2_7
2_8	GUT_GENOME066135_2_8
2_9	GUT_GENOME066135_2_9
2_10	GUT_GENOME066135_2_10
2_11	GUT_GENOME066135_2_11
2_12	GUT_GENOME066135_2_12
2_13	GUT_GENOME066135_2_13
2_14	GUT_GENOME066135_2_14
2_15	GUT_GENOME066135_2_15
2_16	GUT_GENOME066135_2_16
2_17	GUT_GENOME066135_2_17
2_18	GUT_GENOME066135_2_18
2_19	GUT_GENOME066135_2_19
2_20	GUT_GENOME066135_2_20
2_21	GUT_GENOME066135_2_21
2_22	GUT_GENOME066135_2_22
2_23	GUT_GENOME066135_2_23
2_24	GUT_GENOME066135_2_24
2_25	GUT_GENOME066135_2_25
2_26	GUT_GENOME066135_2_26
2_27	GUT_GENOME066135_2_27
3_1	GUT_GENOME066135_3_1
3_2	GUT_GENOME066135_3_2
3_3	GUT_GENOME066135_3_3
3_4	GUT_GENOME066135_3_4
3_5	GUT_GENOME066135_3_5
3_6	GUT_GENOME066135_3_6
3_7	GUT_GENOME066135_3_7
3_8	GUT_GENOME066135_3_8
3_9	GUT_GENOME066135_3_9
3_10	GUT_GENOME066135_3_10
3_11	GUT_GENOME066135_3_11
3_12	GUT_GENOME066135_3_12
3_13	GUT_GENOME066135_3_13
3_14	GUT_GENOME066135_3_14
3_15	GUT_GENOME066135_3_15
3_16	GUT_GENOME066135_3_16
3_17	GUT_GENOME066135_3_17
3_18	GUT_GENOME066135_3_18
3_19	GUT_GENOME066135_3_19
3_20	GUT_GENOME066135_3_20
3_21	GUT_GENOME066135_3_21
3_22	GUT_GENOME066135_3_22
3_23	GUT_GENOME066135_3_23
3_24	GUT_GENOME066135_3_24
3_25	GUT_GENOME066135_3_25
3_26	GUT_GENOME066135_3_26
3_27	GUT_GENOME066135_3_27
3_28	GUT_GENOME066135_3_28
3_29	GUT_GENOME066135_3_29
3_30	GUT_GENOME066135_3_30
3_31	GUT_GENOME066135_3_31
3_32	GUT_GENOME066135_3_32
3_33	GUT_GENOME066135_3_33
4_1	GUT_GENOME066135_4_1
4_2	GUT_GENOME066135_4_2
4_3	GUT_GENOME066135_4_3
4_4	GUT_GENOME066135_4_4
4_5	GUT_GENOME066135_4_5
4_6	GUT_GENOME066135_4_6
4_7	GUT_GENOME066135_4_7
4_8	GUT_GENOME066135_4_8
4_9	GUT_GENOME066135_4_9
4_10	GUT_GENOME066135_4_10
4_11	GUT_GENOME066135_4_11
4_12	GUT_GENOME066135_4_12
4_13	GUT_GENOME066135_4_13
4_14	GUT_GENOME066135_4_14
4_15	GUT_GENOME066135_4_15
4_16	GUT_GENOME066135_4_16
4_17	GUT_GENOME066135_4_17
4_18	GUT_GENOME066135_4_18
4_19	GUT_GENOME066135_4_19
4_20	GUT_GENOME066135_4_20
4_21	GUT_GENOME066135_4_21
4_22	GUT_GENOME066135_4_22
4_23	GUT_GENOME066135_4_23
4_24	GUT_GENOME066135_4_24
5_1	GUT_GENOME066135_5_1
5_2	GUT_GENOME066135_5_2
5_3	GUT_GENOME066135_5_3
5_4	GUT_GENOME066135_5_4
5_5	GUT_GENOME066135_5_5
5_6	GUT_GENOME066135_5_6
5_7	GUT_GENOME066135_5_7
5_8	GUT_GENOME066135_5_8
5_9	GUT_GENOME066135_5_9
5_10	GUT_GENOME066135_5_10
5_11	GUT_GENOME066135_5_11
5_12	GUT_GENOME066135_5_12
5_13	GUT_GENOME066135_5_13
5_14	GUT_GENOME066135_5_14
5_15	GUT_GENOME066135_5_15
5_16	GUT_GENOME066135_5_16
5_17	GUT_GENOME066135_5_17
5_18	GUT_GENOME066135_5_18
5_19	GUT_GENOME066135_5_19
5_20	GUT_GENOME066135_5_20
5_21	GUT_GENOME066135_5_21
5_22	GUT_GENOME066135_5_22
5_23	GUT_GENOME066135_5_23
5_24	GUT_GENOME066135_5_24
6_1	GUT_GENOME066135_6_1
6_2	GUT_GENOME066135_6_2
6_3	GUT_GENOME066135_6_3
6_4	GUT_GENOME066135_6_4
6_5	GUT_GENOME066135_6_5
6_6	GUT_GENOME066135_6_6
6_7	GUT_GENOME066135_6_7
6_8	GUT_GENOME066135_6_8
6_9	GUT_GENOME066135_6_9
6_10	GUT_GENOME066135_6_10
6_11	GUT_GENOME066135_6_11
6_12	GUT_GENOME066135_6_12
6_13	GUT_GENOME066135_6_13
6_14	GUT_GENOME066135_6_14
6_15	GUT_GENOME066135_6_15
6_16	GUT_GENOME066135_6_16
6_17	GUT_GENOME066135_6_17
6_18	GUT_GENOME066135_6_18
6_19	GUT_GENOME066135_6_19
6_20	GUT_GENOME066135_6_20
6_21	GUT_GENOME066135_6_21
6_22	GUT_GENOME066135_6_22
6_23	GUT_GENOME066135_6_23
6_24	GUT_GENOME066135_6_24
6_25	GUT_GENOME066135_6_25
6_26	GUT_GENOME066135_6_26
6_27	GUT_GENOME066135_6_27
6_28	GUT_GENOME066135_6_28
7_1	GUT_GENOME066135_7_1
7_2	GUT_GENOME066135_7_2
7_3	GUT_GENOME066135_7_3
7_4	GUT_GENOME066135_7_4
7_5	GUT_GENOME066135_7_5
7_6	GUT_GENOME066135_7_6
7_7	GUT_GENOME066135_7_7
7_8	GUT_GENOME066135_7_8
7_9	GUT_GENOME066135_7_9
7_10	GUT_GENOME066135_7_10
7_11	GUT_GENOME066135_7_11
7_12	GUT_GENOME066135_7_12
7_13	GUT_GENOME066135_7_13
7_14	GUT_GENOME066135_7_14
7_15	GUT_GENOME066135_7_15
7_16	GUT_GENOME066135_7_16
7_17	GUT_GENOME066135_7_17
7_18	GUT_GENOME066135_7_18
7_19	GUT_GENOME066135_7_19
7_20	GUT_GENOME066135_7_20
7_21	GUT_GENOME066135_7_21
7_22	GUT_GENOME066135_7_22
7_23	GUT_GENOME066135_7_23
7_24	GUT_GENOME066135_7_24
7_25	GUT_GENOME066135_7_25
7_26	GUT_GENOME066135_7_26
7_27	GUT_GENOME066135_7_27
7_28	GUT_GENOME066135_7_28
7_29	GUT_GENOME066135_7_29
7_30	GUT_GENOME066135_7_30
8_1	GUT_GENOME066135_8_1
8_2	GUT_GENOME066135_8_2
8_3	GUT_GENOME066135_8_3
8_4	GUT_GENOME066135_8_4
8_5	GUT_GENOME066135_8_5
8_6	GUT_GENOME066135_8_6
8_7	GUT_GENOME066135_8_7
8_8	GUT_GENOME066135_8_8
8_9	GUT_GENOME066135_8_9
8_10	GUT_GENOME066135_8_10
8_11	GUT_GENOME066135_8_11
8_12	GUT_GENOME066135_8_12
8_13	GUT_GENOME066135_8_13
8_14	GUT_GENOME066135_8_14
8_15	GUT_GENOME066135_8_15
8_16	GUT_GENOME066135_8_16
8_17	GUT_GENOME066135_8_17
8_18	GUT_GENOME066135_8_18
8_19	GUT_GENOME066135_8_19
8_20	GUT_GENOME066135_8_20
8_21	GUT_GENOME066135_8_21
8_22	GUT_GENOME066135_8_22
8_23	GUT_GENOME066135_8_23
8_24	GUT_GENOME066135_8_24
8_25	GUT_GENOME066135_8_25
8_26	GUT_GENOME066135_8_26
8_27	GUT_GENOME066135_8_27
8_28	GUT_GENOME066135_8_28
9_1	GUT_GENOME066135_9_1
9_2	GUT_GENOME066135_9_2
9_3	GUT_GENOME066135_9_3
9_4	GUT_GENOME066135_9_4
9_5	GUT_GENOME066135_9_5
9_6	GUT_GENOME066135_9_6
9_7	GUT_GENOME066135_9_7
9_8	GUT_GENOME066135_9_8
9_9	GUT_GENOME066135_9_9
9_10	GUT_GENOME066135_9_10
9_11	GUT_GENOME066135_9_11
9_12	GUT_GENOME066135_9_12
9_13	GUT_GENOME066135_9_13
9_14	GUT_GENOME066135_9_14
9_15	GUT_GENOME066135_9_15
9_16	GUT_GENOME066135_9_16
9_17	GUT_GENOME066135_9_17
10_1	GUT_GENOME066135_10_1
10_2	GUT_GENOME066135_10_2
10_3	GUT_GENOME066135_10_3
10_4	GUT_GENOME066135_10_4
10_5	GUT_GENOME066135_10_5
10_6	GUT_GENOME066135_10_6
10_7	GUT_GENOME066135_10_7
10_8	GUT_GENOME066135_10_8
10_9	GUT_GENOME066135_10_9
10_10	GUT_GENOME066135_10_10
10_11	GUT_GENOME066135_10_11
10_12	GUT_GENOME066135_10_12
10_13	GUT_GENOME066135_10_13
10_14	GUT_GENOME066135_10_14
10_15	GUT_GENOME066135_10_15
10_16	GUT_GENOME066135_10_16
10_17	GUT_GENOME066135_10_17
10_18	GUT_GENOME066135_10_18
10_19	GUT_GENOME066135_10_19
10_20	GUT_GENOME066135_10_20
10_21	GUT_GENOME066135_10_21
10_22	GUT_GENOME066135_10_22
10_23	GUT_GENOME066135_10_23
10_24	GUT_GENOME066135_10_24
10_25	GUT_GENOME066135_10_25
10_26	GUT_GENOME066135_10_26
10_27	GUT_GENOME066135_10_27
10_28	GUT_GENOME066135_10_28
10_29	GUT_GENOME066135_10_29
10_30	GUT_GENOME066135_10_30
10_31	GUT_GENOME066135_10_31
10_32	GUT_GENOME066135_10_32
10_33	GUT_GENOME066135_10_33
10_34	GUT_GENOME066135_10_34
11_1	GUT_GENOME066135_11_1
11_2	GUT_GENOME066135_11_2
11_3	GUT_GENOME066135_11_3
11_4	GUT_GENOME066135_11_4
11_5	GUT_GENOME066135_11_5
11_6	GUT_GENOME066135_11_6
11_7	GUT_GENOME066135_11_7
11_8	GUT_GENOME066135_11_8
11_9	GUT_GENOME066135_11_9
11_10	GUT_GENOME066135_11_10
11_11	GUT_GENOME066135_11_11
11_12	GUT_GENOME066135_11_12
11_13	GUT_GENOME066135_11_13
11_14	GUT_GENOME066135_11_14
11_15	GUT_GENOME066135_11_15
11_16	GUT_GENOME066135_11_16
11_17	GUT_GENOME066135_11_17
11_18	GUT_GENOME066135_11_18
11_19	GUT_GENOME066135_11_19
11_20	GUT_GENOME066135_11_20
11_21	GUT_GENOME066135_11_21
11_22	GUT_GENOME066135_11_22
11_23	GUT_GENOME066135_11_23
11_24	GUT_GENOME066135_11_24
11_25	GUT_GENOME066135_11_25
11_26	GUT_GENOME066135_11_26
11_27	GUT_GENOME066135_11_27
12_1	GUT_GENOME066135_12_1
12_2	GUT_GENOME066135_12_2
12_3	GUT_GENOME066135_12_3
12_4	GUT_GENOME066135_12_4
12_5	GUT_GENOME066135_12_5
12_6	GUT_GENOME066135_12_6
12_7	GUT_GENOME066135_12_7
12_8	GUT_GENOME066135_12_8
12_9	GUT_GENOME066135_12_9
12_10	GUT_GENOME066135_12_10
12_11	GUT_GENOME066135_12_11
12_12	GUT_GENOME066135_12_12
12_13	GUT_GENOME066135_12_13
12_14	GUT_GENOME066135_12_14
12_15	GUT_GENOME066135_12_15
12_16	GUT_GENOME066135_12_16
12_17	GUT_GENOME066135_12_17
13_1	GUT_GENOME066135_13_1
13_2	GUT_GENOME066135_13_2
13_3	GUT_GENOME066135_13_3
13_4	GUT_GENOME066135_13_4
13_5	GUT_GENOME066135_13_5
13_6	GUT_GENOME066135_13_6
13_7	GUT_GENOME066135_13_7
13_8	GUT_GENOME066135_13_8
13_9	GUT_GENOME066135_13_9
13_10	GUT_GENOME066135_13_10
13_11	GUT_GENOME066135_13_11
13_12	GUT_GENOME066135_13_12
13_13	GUT_GENOME066135_13_13
13_14	GUT_GENOME066135_13_14
13_15	GUT_GENOME066135_13_15
13_16	GUT_GENOME066135_13_16
13_17	GUT_GENOME066135_13_17
13_18	GUT_GENOME066135_13_18
13_19	GUT_GENOME066135_13_19
13_20	GUT_GENOME066135_13_20
13_21	GUT_GENOME066135_13_21
13_22	GUT_GENOME066135_13_22
13_23	GUT_GENOME066135_13_23
13_24	GUT_GENOME066135_13_24
13_25	GUT_GENOME066135_13_25
13_26	GUT_GENOME066135_13_26
13_27	GUT_GENOME066135_13_27
14_1	GUT_GENOME066135_14_1
14_2	GUT_GENOME066135_14_2
14_3	GUT_GENOME066135_14_3
14_4	GUT_GENOME066135_14_4
14_5	GUT_GENOME066135_14_5
14_6	GUT_GENOME066135_14_6
14_7	GUT_GENOME066135_14_7
14_8	GUT_GENOME066135_14_8
14_9	GUT_GENOME066135_14_9
14_10	GUT_GENOME066135_14_10
14_11	GUT_GENOME066135_14_11
14_12	GUT_GENOME066135_14_12
14_13	GUT_GENOME066135_14_13
14_14	GUT_GENOME066135_14_14
14_15	GUT_GENOME066135_14_15
14_16	GUT_GENOME066135_14_16
14_17	GUT_GENOME066135_14_17
14_18	GUT_GENOME066135_14_18
14_19	GUT_GENOME066135_14_19
14_20	GUT_GENOME066135_14_20
14_21	GUT_GENOME066135_14_21
14_22	GUT_GENOME066135_14_22
14_23	GUT_GENOME066135_14_23
14_24	GUT_GENOME066135_14_24
15_1	GUT_GENOME066135_15_1
15_2	GUT_GENOME066135_15_2
15_3	GUT_GENOME066135_15_3
15_4	GUT_GENOME066135_15_4
15_5	GUT_GENOME066135_15_5
15_6	GUT_GENOME066135_15_6
15_7	GUT_GENOME066135_15_7
15_8	GUT_GENOME066135_15_8
15_9	GUT_GENOME066135_15_9
15_10	GUT_GENOME066135_15_10
15_11	GUT_GENOME066135_15_11
15_12	GUT_GENOME066135_15_12
15_13	GUT_GENOME066135_15_13
15_14	GUT_GENOME066135_15_14
15_15	GUT_GENOME066135_15_15
15_16	GUT_GENOME066135_15_16
15_17	GUT_GENOME066135_15_17
15_18	GUT_GENOME066135_15_18
15_19	GUT_GENOME066135_15_19
16_1	GUT_GENOME066135_16_1
16_2	GUT_GENOME066135_16_2
16_3	GUT_GENOME066135_16_3
16_4	GUT_GENOME066135_16_4
16_5	GUT_GENOME066135_16_5
16_6	GUT_GENOME066135_16_6
16_7	GUT_GENOME066135_16_7
16_8	GUT_GENOME066135_16_8
16_9	GUT_GENOME066135_16_9
16_10	GUT_GENOME066135_16_10
16_11	GUT_GENOME066135_16_11
16_12	GUT_GENOME066135_16_12
16_13	GUT_GENOME066135_16_13
16_14	GUT_GENOME066135_16_14
16_15	GUT_GENOME066135_16_15
16_16	GUT_GENOME066135_16_16
16_17	GUT_GENOME066135_16_17
16_18	GUT_GENOME066135_16_18
16_19	GUT_GENOME066135_16_19
16_20	GUT_GENOME066135_16_20
16_21	GUT_GENOME066135_16_21
16_22	GUT_GENOME066135_16_22
16_23	GUT_GENOME066135_16_23
16_24	GUT_GENOME066135_16_24
16_25	GUT_GENOME066135_16_25
17_1	GUT_GENOME066135_17_1
17_2	GUT_GENOME066135_17_2
17_3	GUT_GENOME066135_17_3
17_4	GUT_GENOME066135_17_4
17_5	GUT_GENOME066135_17_5
17_6	GUT_GENOME066135_17_6
17_7	GUT_GENOME066135_17_7
17_8	GUT_GENOME066135_17_8
17_9	GUT_GENOME066135_17_9
17_10	GUT_GENOME066135_17_10
17_11	GUT_GENOME066135_17_11
17_12	GUT_GENOME066135_17_12
17_13	GUT_GENOME066135_17_13
17_14	GUT_GENOME066135_17_14
17_15	GUT_GENOME066135_17_15
17_16	GUT_GENOME066135_17_16
17_17	GUT_GENOME066135_17_17
17_18	GUT_GENOME066135_17_18
17_19	GUT_GENOME066135_17_19
18_1	GUT_GENOME066135_18_1
18_2	GUT_GENOME066135_18_2
18_3	GUT_GENOME066135_18_3
18_4	GUT_GENOME066135_18_4
18_5	GUT_GENOME066135_18_5
18_6	GUT_GENOME066135_18_6
18_7	GUT_GENOME066135_18_7
18_8	GUT_GENOME066135_18_8
18_9	GUT_GENOME066135_18_9
18_10	GUT_GENOME066135_18_10
18_11	GUT_GENOME066135_18_11
18_12	GUT_GENOME066135_18_12
18_13	GUT_GENOME066135_18_13
18_14	GUT_GENOME066135_18_14
18_15	GUT_GENOME066135_18_15
18_16	GUT_GENOME066135_18_16
18_17	GUT_GENOME066135_18_17
18_18	GUT_GENOME066135_18_18
18_19	GUT_GENOME066135_18_19
18_20	GUT_GENOME066135_18_20
18_21	GUT_GENOME066135_18_21
18_22	GUT_GENOME066135_18_22
18_23	GUT_GENOME066135_18_23
18_24	GUT_GENOME066135_18_24
18_25	GUT_GENOME066135_18_25
19_1	GUT_GENOME066135_19_1
19_2	GUT_GENOME066135_19_2
19_3	GUT_GENOME066135_19_3
19_4	GUT_GENOME066135_19_4
19_5	GUT_GENOME066135_19_5
19_6	GUT_GENOME066135_19_6
19_7	GUT_GENOME066135_19_7
19_8	GUT_GENOME066135_19_8
19_9	GUT_GENOME066135_19_9
19_10	GUT_GENOME066135_19_10
19_11	GUT_GENOME066135_19_11
19_12	GUT_GENOME066135_19_12
19_13	GUT_GENOME066135_19_13
19_14	GUT_GENOME066135_19_14
19_15	GUT_GENOME066135_19_15
19_16	GUT_GENOME066135_19_16
19_17	GUT_GENOME066135_19_17
19_18	GUT_GENOME066135_19_18
20_1	GUT_GENOME066135_20_1
20_2	GUT_GENOME066135_20_2
20_3	GUT_GENOME066135_20_3
20_4	GUT_GENOME066135_20_4
20_5	GUT_GENOME066135_20_5
20_6	GUT_GENOME066135_20_6
20_7	GUT_GENOME066135_20_7
20_8	GUT_GENOME066135_20_8
20_9	GUT_GENOME066135_20_9
20_10	GUT_GENOME066135_20_10
20_11	GUT_GENOME066135_20_11
20_12	GUT_GENOME066135_20_12
20_13	GUT_GENOME066135_20_13
20_14	GUT_GENOME066135_20_14
20_15	GUT_GENOME066135_20_15
20_16	GUT_GENOME066135_20_16
20_17	GUT_GENOME066135_20_17
20_18	GUT_GENOME066135_20_18
20_19	GUT_GENOME066135_20_19
20_20	GUT_GENOME066135_20_20
20_21	GUT_GENOME066135_20_21
20_22	GUT_GENOME066135_20_22
20_23	GUT_GENOME066135_20_23
21_1	GUT_GENOME066135_21_1
21_2	GUT_GENOME066135_21_2
21_3	GUT_GENOME066135_21_3
21_4	GUT_GENOME066135_21_4
21_5	GUT_GENOME066135_21_5
21_6	GUT_GENOME066135_21_6
21_7	GUT_GENOME066135_21_7
21_8	GUT_GENOME066135_21_8
21_9	GUT_GENOME066135_21_9
21_10	GUT_GENOME066135_21_10
21_11	GUT_GENOME066135_21_11
21_12	GUT_GENOME066135_21_12
21_13	GUT_GENOME066135_21_13
21_14	GUT_GENOME066135_21_14
21_15	GUT_GENOME066135_21_15
21_16	GUT_GENOME066135_21_16
21_17	GUT_GENOME066135_21_17
21_18	GUT_GENOME066135_21_18
21_19	GUT_GENOME066135_21_19
21_20	GUT_GENOME066135_21_20
22_1	GUT_GENOME066135_22_1
22_2	GUT_GENOME066135_22_2
22_3	GUT_GENOME066135_22_3
22_4	GUT_GENOME066135_22_4
22_5	GUT_GENOME066135_22_5
22_6	GUT_GENOME066135_22_6
22_7	GUT_GENOME066135_22_7
22_8	GUT_GENOME066135_22_8
22_9	GUT_GENOME066135_22_9
22_10	GUT_GENOME066135_22_10
22_11	GUT_GENOME066135_22_11
22_12	GUT_GENOME066135_22_12
22_13	GUT_GENOME066135_22_13
22_14	GUT_GENOME066135_22_14
22_15	GUT_GENOME066135_22_15
22_16	GUT_GENOME066135_22_16
23_1	GUT_GENOME066135_23_1
23_2	GUT_GENOME066135_23_2
23_3	GUT_GENOME066135_23_3
23_4	GUT_GENOME066135_23_4
23_5	GUT_GENOME066135_23_5
23_6	GUT_GENOME066135_23_6
23_7	GUT_GENOME066135_23_7
23_8	GUT_GENOME066135_23_8
23_9	GUT_GENOME066135_23_9
23_10	GUT_GENOME066135_23_10
23_11	GUT_GENOME066135_23_11
23_12	GUT_GENOME066135_23_12
23_13	GUT_GENOME066135_23_13
23_14	GUT_GENOME066135_23_14
23_15	GUT_GENOME066135_23_15
23_16	GUT_GENOME066135_23_16
23_17	GUT_GENOME066135_23_17
23_18	GUT_GENOME066135_23_18
24_1	GUT_GENOME066135_24_1
24_2	GUT_GENOME066135_24_2
24_3	GUT_GENOME066135_24_3
24_4	GUT_GENOME066135_24_4
24_5	GUT_GENOME066135_24_5
24_6	GUT_GENOME066135_24_6
24_7	GUT_GENOME066135_24_7
24_8	GUT_GENOME066135_24_8
24_9	GUT_GENOME066135_24_9
24_10	GUT_GENOME066135_24_10
24_11	GUT_GENOME066135_24_11
24_12	GUT_GENOME066135_24_12
24_13	GUT_GENOME066135_24_13
24_14	GUT_GENOME066135_24_14
24_15	GUT_GENOME066135_24_15
24_16	GUT_GENOME066135_24_16
25_1	GUT_GENOME066135_25_1
25_2	GUT_GENOME066135_25_2
25_3	GUT_GENOME066135_25_3
25_4	GUT_GENOME066135_25_4
25_5	GUT_GENOME066135_25_5
25_6	GUT_GENOME066135_25_6
25_7	GUT_GENOME066135_25_7
25_8	GUT_GENOME066135_25_8
25_9	GUT_GENOME066135_25_9
25_10	GUT_GENOME066135_25_10
25_11	GUT_GENOME066135_25_11
25_12	GUT_GENOME066135_25_12
25_13	GUT_GENOME066135_25_13
25_14	GUT_GENOME066135_25_14
25_15	GUT_GENOME066135_25_15
25_16	GUT_GENOME066135_25_16
25_17	GUT_GENOME066135_25_17
25_18	GUT_GENOME066135_25_18
26_1	GUT_GENOME066135_26_1
26_2	GUT_GENOME066135_26_2
26_3	GUT_GENOME066135_26_3
26_4	GUT_GENOME066135_26_4
26_5	GUT_GENOME066135_26_5
26_6	GUT_GENOME066135_26_6
26_7	GUT_GENOME066135_26_7
26_8	GUT_GENOME066135_26_8
26_9	GUT_GENOME066135_26_9
26_10	GUT_GENOME066135_26_10
26_11	GUT_GENOME066135_26_11
26_12	GUT_GENOME066135_26_12
26_13	GUT_GENOME066135_26_13
26_14	GUT_GENOME066135_26_14
26_15	GUT_GENOME066135_26_15
26_16	GUT_GENOME066135_26_16
26_17	GUT_GENOME066135_26_17
26_18	GUT_GENOME066135_26_18
26_19	GUT_GENOME066135_26_19
27_1	GUT_GENOME066135_27_1
27_2	GUT_GENOME066135_27_2
27_3	GUT_GENOME066135_27_3
27_4	GUT_GENOME066135_27_4
27_5	GUT_GENOME066135_27_5
27_6	GUT_GENOME066135_27_6
27_7	GUT_GENOME066135_27_7
27_8	GUT_GENOME066135_27_8
27_9	GUT_GENOME066135_27_9
27_10	GUT_GENOME066135_27_10
27_11	GUT_GENOME066135_27_11
27_12	GUT_GENOME066135_27_12
27_13	GUT_GENOME066135_27_13
27_14	GUT_GENOME066135_27_14
28_1	GUT_GENOME066135_28_1
28_2	GUT_GENOME066135_28_2
28_3	GUT_GENOME066135_28_3
28_4	GUT_GENOME066135_28_4
28_5	GUT_GENOME066135_28_5
28_6	GUT_GENOME066135_28_6
28_7	GUT_GENOME066135_28_7
28_8	GUT_GENOME066135_28_8
28_9	GUT_GENOME066135_28_9
28_10	GUT_GENOME066135_28_10
28_11	GUT_GENOME066135_28_11
28_12	GUT_GENOME066135_28_12
28_13	GUT_GENOME066135_28_13
28_14	GUT_GENOME066135_28_14
28_15	GUT_GENOME066135_28_15
29_1	GUT_GENOME066135_29_1
29_2	GUT_GENOME066135_29_2
29_3	GUT_GENOME066135_29_3
29_4	GUT_GENOME066135_29_4
29_5	GUT_GENOME066135_29_5
29_6	GUT_GENOME066135_29_6
29_7	GUT_GENOME066135_29_7
29_8	GUT_GENOME066135_29_8
29_9	GUT_GENOME066135_29_9
29_10	GUT_GENOME066135_29_10
29_11	GUT_GENOME066135_29_11
29_12	GUT_GENOME066135_29_12
29_13	GUT_GENOME066135_29_13
29_14	GUT_GENOME066135_29_14
29_15	GUT_GENOME066135_29_15
29_16	GUT_GENOME066135_29_16
29_17	GUT_GENOME066135_29_17
30_1	GUT_GENOME066135_30_1
30_2	GUT_GENOME066135_30_2
30_3	GUT_GENOME066135_30_3
30_4	GUT_GENOME066135_30_4
30_5	GUT_GENOME066135_30_5
30_6	GUT_GENOME066135_30_6
30_7	GUT_GENOME066135_30_7
30_8	GUT_GENOME066135_30_8
30_9	GUT_GENOME066135_30_9
30_10	GUT_GENOME066135_30_10
30_11	GUT_GENOME066135_30_11
30_12	GUT_GENOME066135_30_12
30_13	GUT_GENOME066135_30_13
30_14	GUT_GENOME066135_30_14
31_1	GUT_GENOME066135_31_1
31_2	GUT_GENOME066135_31_2
31_3	GUT_GENOME066135_31_3
31_4	GUT_GENOME066135_31_4
31_5	GUT_GENOME066135_31_5
31_6	GUT_GENOME066135_31_6
31_7	GUT_GENOME066135_31_7
31_8	GUT_GENOME066135_31_8
31_9	GUT_GENOME066135_31_9
31_10	GUT_GENOME066135_31_10
31_11	GUT_GENOME066135_31_11
31_12	GUT_GENOME066135_31_12
31_13	GUT_GENOME066135_31_13
32_1	GUT_GENOME066135_32_1
32_2	GUT_GENOME066135_32_2
32_3	GUT_GENOME066135_32_3
32_4	GUT_GENOME066135_32_4
32_5	GUT_GENOME066135_32_5
32_6	GUT_GENOME066135_32_6
32_7	GUT_GENOME066135_32_7
32_8	GUT_GENOME066135_32_8
32_9	GUT_GENOME066135_32_9
32_10	GUT_GENOME066135_32_10
32_11	GUT_GENOME066135_32_11
33_1	GUT_GENOME066135_33_1
33_2	GUT_GENOME066135_33_2
33_3	GUT_GENOME066135_33_3
33_4	GUT_GENOME066135_33_4
33_5	GUT_GENOME066135_33_5
33_6	GUT_GENOME066135_33_6
33_7	GUT_GENOME066135_33_7
33_8	GUT_GENOME066135_33_8
33_9	GUT_GENOME066135_33_9
33_10	GUT_GENOME066135_33_10
33_11	GUT_GENOME066135_33_11
33_12	GUT_GENOME066135_33_12
33_13	GUT_GENOME066135_33_13
33_14	GUT_GENOME066135_33_14
34_1	GUT_GENOME066135_34_1
34_2	GUT_GENOME066135_34_2
34_3	GUT_GENOME066135_34_3
34_4	GUT_GENOME066135_34_4
34_5	GUT_GENOME066135_34_5
34_6	GUT_GENOME066135_34_6
34_7	GUT_GENOME066135_34_7
34_8	GUT_GENOME066135_34_8
34_9	GUT_GENOME066135_34_9
34_10	GUT_GENOME066135_34_10
34_11	GUT_GENOME066135_34_11
34_12	GUT_GENOME066135_34_12
34_13	GUT_GENOME066135_34_13
35_1	GUT_GENOME066135_35_1
35_2	GUT_GENOME066135_35_2
35_3	GUT_GENOME066135_35_3
35_4	GUT_GENOME066135_35_4
35_5	GUT_GENOME066135_35_5
35_6	GUT_GENOME066135_35_6
35_7	GUT_GENOME066135_35_7
35_8	GUT_GENOME066135_35_8
35_9	GUT_GENOME066135_35_9
35_10	GUT_GENOME066135_35_10
35_11	GUT_GENOME066135_35_11
36_1	GUT_GENOME066135_36_1
36_2	GUT_GENOME066135_36_2
36_3	GUT_GENOME066135_36_3
36_4	GUT_GENOME066135_36_4
36_5	GUT_GENOME066135_36_5
36_6	GUT_GENOME066135_36_6
36_7	GUT_GENOME066135_36_7
36_8	GUT_GENOME066135_36_8
36_9	GUT_GENOME066135_36_9
36_10	GUT_GENOME066135_36_10
36_11	GUT_GENOME066135_36_11
36_12	GUT_GENOME066135_36_12
36_13	GUT_GENOME066135_36_13
36_14	GUT_GENOME066135_36_14
36_15	GUT_GENOME066135_36_15
36_16	GUT_GENOME066135_36_16
36_17	GUT_GENOME066135_36_17
37_1	GUT_GENOME066135_37_1
37_2	GUT_GENOME066135_37_2
37_3	GUT_GENOME066135_37_3
37_4	GUT_GENOME066135_37_4
37_5	GUT_GENOME066135_37_5
37_6	GUT_GENOME066135_37_6
37_7	GUT_GENOME066135_37_7
37_8	GUT_GENOME066135_37_8
37_9	GUT_GENOME066135_37_9
37_10	GUT_GENOME066135_37_10
37_11	GUT_GENOME066135_37_11
37_12	GUT_GENOME066135_37_12
37_13	GUT_GENOME066135_37_13
38_1	GUT_GENOME066135_38_1
38_2	GUT_GENOME066135_38_2
38_3	GUT_GENOME066135_38_3
38_4	GUT_GENOME066135_38_4
38_5	GUT_GENOME066135_38_5
38_6	GUT_GENOME066135_38_6
38_7	GUT_GENOME066135_38_7
38_8	GUT_GENOME066135_38_8
38_9	GUT_GENOME066135_38_9
39_1	GUT_GENOME066135_39_1
39_2	GUT_GENOME066135_39_2
39_3	GUT_GENOME066135_39_3
39_4	GUT_GENOME066135_39_4
39_5	GUT_GENOME066135_39_5
39_6	GUT_GENOME066135_39_6
39_7	GUT_GENOME066135_39_7
39_8	GUT_GENOME066135_39_8
39_9	GUT_GENOME066135_39_9
40_1	GUT_GENOME066135_40_1
40_2	GUT_GENOME066135_40_2
40_3	GUT_GENOME066135_40_3
40_4	GUT_GENOME066135_40_4
40_5	GUT_GENOME066135_40_5
40_6	GUT_GENOME066135_40_6
40_7	GUT_GENOME066135_40_7
40_8	GUT_GENOME066135_40_8
40_9	GUT_GENOME066135_40_9
40_10	GUT_GENOME066135_40_10
40_11	GUT_GENOME066135_40_11
40_12	GUT_GENOME066135_40_12
40_13	GUT_GENOME066135_40_13
41_1	GUT_GENOME066135_41_1
41_2	GUT_GENOME066135_41_2
41_3	GUT_GENOME066135_41_3
41_4	GUT_GENOME066135_41_4
41_5	GUT_GENOME066135_41_5
41_6	GUT_GENOME066135_41_6
41_7	GUT_GENOME066135_41_7
41_8	GUT_GENOME066135_41_8
41_9	GUT_GENOME066135_41_9
41_10	GUT_GENOME066135_41_10
42_1	GUT_GENOME066135_42_1
42_2	GUT_GENOME066135_42_2
42_3	GUT_GENOME066135_42_3
42_4	GUT_GENOME066135_42_4
42_5	GUT_GENOME066135_42_5
42_6	GUT_GENOME066135_42_6
42_7	GUT_GENOME066135_42_7
42_8	GUT_GENOME066135_42_8
42_9	GUT_GENOME066135_42_9
42_10	GUT_GENOME066135_42_10
42_11	GUT_GENOME066135_42_11
42_12	GUT_GENOME066135_42_12
42_13	GUT_GENOME066135_42_13
43_1	GUT_GENOME066135_43_1
43_2	GUT_GENOME066135_43_2
43_3	GUT_GENOME066135_43_3
43_4	GUT_GENOME066135_43_4
43_5	GUT_GENOME066135_43_5
43_6	GUT_GENOME066135_43_6
43_7	GUT_GENOME066135_43_7
43_8	GUT_GENOME066135_43_8
43_9	GUT_GENOME066135_43_9
43_10	GUT_GENOME066135_43_10
43_11	GUT_GENOME066135_43_11
43_12	GUT_GENOME066135_43_12
44_1	GUT_GENOME066135_44_1
44_2	GUT_GENOME066135_44_2
44_3	GUT_GENOME066135_44_3
44_4	GUT_GENOME066135_44_4
44_5	GUT_GENOME066135_44_5
44_6	GUT_GENOME066135_44_6
44_7	GUT_GENOME066135_44_7
44_8	GUT_GENOME066135_44_8
44_9	GUT_GENOME066135_44_9
44_10	GUT_GENOME066135_44_10
44_11	GUT_GENOME066135_44_11
45_1	GUT_GENOME066135_45_1
45_2	GUT_GENOME066135_45_2
45_3	GUT_GENOME066135_45_3
45_4	GUT_GENOME066135_45_4
45_5	GUT_GENOME066135_45_5
45_6	GUT_GENOME066135_45_6
45_7	GUT_GENOME066135_45_7
45_8	GUT_GENOME066135_45_8
45_9	GUT_GENOME066135_45_9
46_1	GUT_GENOME066135_46_1
46_2	GUT_GENOME066135_46_2
46_3	GUT_GENOME066135_46_3
46_4	GUT_GENOME066135_46_4
46_5	GUT_GENOME066135_46_5
46_6	GUT_GENOME066135_46_6
46_7	GUT_GENOME066135_46_7
46_8	GUT_GENOME066135_46_8
46_9	GUT_GENOME066135_46_9
46_10	GUT_GENOME066135_46_10
47_1	GUT_GENOME066135_47_1
47_2	GUT_GENOME066135_47_2
47_3	GUT_GENOME066135_47_3
47_4	GUT_GENOME066135_47_4
47_5	GUT_GENOME066135_47_5
47_6	GUT_GENOME066135_47_6
47_7	GUT_GENOME066135_47_7
47_8	GUT_GENOME066135_47_8
47_9	GUT_GENOME066135_47_9
47_10	GUT_GENOME066135_47_10
47_11	GUT_GENOME066135_47_11
47_12	GUT_GENOME066135_47_12
48_1	GUT_GENOME066135_48_1
48_2	GUT_GENOME066135_48_2
48_3	GUT_GENOME066135_48_3
48_4	GUT_GENOME066135_48_4
48_5	GUT_GENOME066135_48_5
48_6	GUT_GENOME066135_48_6
48_7	GUT_GENOME066135_48_7
48_8	GUT_GENOME066135_48_8
48_9	GUT_GENOME066135_48_9
48_10	GUT_GENOME066135_48_10
48_11	GUT_GENOME066135_48_11
48_12	GUT_GENOME066135_48_12
48_13	GUT_GENOME066135_48_13
49_1	GUT_GENOME066135_49_1
49_2	GUT_GENOME066135_49_2
49_3	GUT_GENOME066135_49_3
49_4	GUT_GENOME066135_49_4
49_5	GUT_GENOME066135_49_5
49_6	GUT_GENOME066135_49_6
49_7	GUT_GENOME066135_49_7
50_1	GUT_GENOME066135_50_1
50_2	GUT_GENOME066135_50_2
50_3	GUT_GENOME066135_50_3
50_4	GUT_GENOME066135_50_4
50_5	GUT_GENOME066135_50_5
50_6	GUT_GENOME066135_50_6
50_7	GUT_GENOME066135_50_7
50_8	GUT_GENOME066135_50_8
51_1	GUT_GENOME066135_51_1
51_2	GUT_GENOME066135_51_2
51_3	GUT_GENOME066135_51_3
51_4	GUT_GENOME066135_51_4
51_5	GUT_GENOME066135_51_5
51_6	GUT_GENOME066135_51_6
51_7	GUT_GENOME066135_51_7
51_8	GUT_GENOME066135_51_8
52_1	GUT_GENOME066135_52_1
52_2	GUT_GENOME066135_52_2
52_3	GUT_GENOME066135_52_3
52_4	GUT_GENOME066135_52_4
52_5	GUT_GENOME066135_52_5
52_6	GUT_GENOME066135_52_6
52_7	GUT_GENOME066135_52_7
52_8	GUT_GENOME066135_52_8
52_9	GUT_GENOME066135_52_9
53_1	GUT_GENOME066135_53_1
53_2	GUT_GENOME066135_53_2
53_3	GUT_GENOME066135_53_3
53_4	GUT_GENOME066135_53_4
53_5	GUT_GENOME066135_53_5
53_6	GUT_GENOME066135_53_6
53_7	GUT_GENOME066135_53_7
53_8	GUT_GENOME066135_53_8
54_1	GUT_GENOME066135_54_1
54_2	GUT_GENOME066135_54_2
54_3	GUT_GENOME066135_54_3
54_4	GUT_GENOME066135_54_4
54_5	GUT_GENOME066135_54_5
54_6	GUT_GENOME066135_54_6
54_7	GUT_GENOME066135_54_7
54_8	GUT_GENOME066135_54_8
55_1	GUT_GENOME066135_55_1
55_2	GUT_GENOME066135_55_2
55_3	GUT_GENOME066135_55_3
55_4	GUT_GENOME066135_55_4
55_5	GUT_GENOME066135_55_5
55_6	GUT_GENOME066135_55_6
55_7	GUT_GENOME066135_55_7
55_8	GUT_GENOME066135_55_8
55_9	GUT_GENOME066135_55_9
55_10	GUT_GENOME066135_55_10
55_11	GUT_GENOME066135_55_11
55_12	GUT_GENOME066135_55_12
55_13	GUT_GENOME066135_55_13
56_1	GUT_GENOME066135_56_1
56_2	GUT_GENOME066135_56_2
56_3	GUT_GENOME066135_56_3
56_4	GUT_GENOME066135_56_4
56_5	GUT_GENOME066135_56_5
56_6	GUT_GENOME066135_56_6
56_7	GUT_GENOME066135_56_7
56_8	GUT_GENOME066135_56_8
57_1	GUT_GENOME066135_57_1
57_2	GUT_GENOME066135_57_2
57_3	GUT_GENOME066135_57_3
57_4	GUT_GENOME066135_57_4
57_5	GUT_GENOME066135_57_5
57_6	GUT_GENOME066135_57_6
57_7	GUT_GENOME066135_57_7
57_8	GUT_GENOME066135_57_8
57_9	GUT_GENOME066135_57_9
58_1	GUT_GENOME066135_58_1
58_2	GUT_GENOME066135_58_2
58_3	GUT_GENOME066135_58_3
58_4	GUT_GENOME066135_58_4
58_5	GUT_GENOME066135_58_5
58_6	GUT_GENOME066135_58_6
59_1	GUT_GENOME066135_59_1
59_2	GUT_GENOME066135_59_2
59_3	GUT_GENOME066135_59_3
59_4	GUT_GENOME066135_59_4
59_5	GUT_GENOME066135_59_5
59_6	GUT_GENOME066135_59_6
59_7	GUT_GENOME066135_59_7
59_8	GUT_GENOME066135_59_8
59_9	GUT_GENOME066135_59_9
59_10	GUT_GENOME066135_59_10
59_11	GUT_GENOME066135_59_11
59_12	GUT_GENOME066135_59_12
60_1	GUT_GENOME066135_60_1
60_2	GUT_GENOME066135_60_2
60_3	GUT_GENOME066135_60_3
60_4	GUT_GENOME066135_60_4
60_5	GUT_GENOME066135_60_5
60_6	GUT_GENOME066135_60_6
60_7	GUT_GENOME066135_60_7
60_8	GUT_GENOME066135_60_8
60_9	GUT_GENOME066135_60_9
60_10	GUT_GENOME066135_60_10
60_11	GUT_GENOME066135_60_11
61_1	GUT_GENOME066135_61_1
61_2	GUT_GENOME066135_61_2
61_3	GUT_GENOME066135_61_3
61_4	GUT_GENOME066135_61_4
61_5	GUT_GENOME066135_61_5
61_6	GUT_GENOME066135_61_6
61_7	GUT_GENOME066135_61_7
61_8	GUT_GENOME066135_61_8
61_9	GUT_GENOME066135_61_9
61_10	GUT_GENOME066135_61_10
62_1	GUT_GENOME066135_62_1
62_2	GUT_GENOME066135_62_2
62_3	GUT_GENOME066135_62_3
62_4	GUT_GENOME066135_62_4
62_5	GUT_GENOME066135_62_5
62_6	GUT_GENOME066135_62_6
62_7	GUT_GENOME066135_62_7
62_8	GUT_GENOME066135_62_8
62_9	GUT_GENOME066135_62_9
62_10	GUT_GENOME066135_62_10
62_11	GUT_GENOME066135_62_11
63_1	GUT_GENOME066135_63_1
63_2	GUT_GENOME066135_63_2
63_3	GUT_GENOME066135_63_3
63_4	GUT_GENOME066135_63_4
63_5	GUT_GENOME066135_63_5
63_6	GUT_GENOME066135_63_6
63_7	GUT_GENOME066135_63_7
63_8	GUT_GENOME066135_63_8
63_9	GUT_GENOME066135_63_9
63_10	GUT_GENOME066135_63_10
64_1	GUT_GENOME066135_64_1
64_2	GUT_GENOME066135_64_2
64_3	GUT_GENOME066135_64_3
64_4	GUT_GENOME066135_64_4
64_5	GUT_GENOME066135_64_5
64_6	GUT_GENOME066135_64_6
65_1	GUT_GENOME066135_65_1
65_2	GUT_GENOME066135_65_2
65_3	GUT_GENOME066135_65_3
65_4	GUT_GENOME066135_65_4
65_5	GUT_GENOME066135_65_5
65_6	GUT_GENOME066135_65_6
65_7	GUT_GENOME066135_65_7
65_8	GUT_GENOME066135_65_8
65_9	GUT_GENOME066135_65_9
66_1	GUT_GENOME066135_66_1
66_2	GUT_GENOME066135_66_2
66_3	GUT_GENOME066135_66_3
66_4	GUT_GENOME066135_66_4
66_5	GUT_GENOME066135_66_5
66_6	GUT_GENOME066135_66_6
66_7	GUT_GENOME066135_66_7
66_8	GUT_GENOME066135_66_8
66_9	GUT_GENOME066135_66_9
66_10	GUT_GENOME066135_66_10
67_1	GUT_GENOME066135_67_1
67_2	GUT_GENOME066135_67_2
67_3	GUT_GENOME066135_67_3
67_4	GUT_GENOME066135_67_4
67_5	GUT_GENOME066135_67_5
67_6	GUT_GENOME066135_67_6
67_7	GUT_GENOME066135_67_7
67_8	GUT_GENOME066135_67_8
67_9	GUT_GENOME066135_67_9
67_10	GUT_GENOME066135_67_10
68_1	GUT_GENOME066135_68_1
68_2	GUT_GENOME066135_68_2
68_3	GUT_GENOME066135_68_3
68_4	GUT_GENOME066135_68_4
68_5	GUT_GENOME066135_68_5
69_1	GUT_GENOME066135_69_1
69_2	GUT_GENOME066135_69_2
69_3	GUT_GENOME066135_69_3
69_4	GUT_GENOME066135_69_4
69_5	GUT_GENOME066135_69_5
69_6	GUT_GENOME066135_69_6
69_7	GUT_GENOME066135_69_7
69_8	GUT_GENOME066135_69_8
70_1	GUT_GENOME066135_70_1
70_2	GUT_GENOME066135_70_2
70_3	GUT_GENOME066135_70_3
70_4	GUT_GENOME066135_70_4
70_5	GUT_GENOME066135_70_5
70_6	GUT_GENOME066135_70_6
71_1	GUT_GENOME066135_71_1
71_2	GUT_GENOME066135_71_2
71_3	GUT_GENOME066135_71_3
71_4	GUT_GENOME066135_71_4
71_5	GUT_GENOME066135_71_5
71_6	GUT_GENOME066135_71_6
71_7	GUT_GENOME066135_71_7
71_8	GUT_GENOME066135_71_8
71_9	GUT_GENOME066135_71_9
71_10	GUT_GENOME066135_71_10
71_11	GUT_GENOME066135_71_11
71_12	GUT_GENOME066135_71_12
71_13	GUT_GENOME066135_71_13
71_14	GUT_GENOME066135_71_14
71_15	GUT_GENOME066135_71_15
71_16	GUT_GENOME066135_71_16
71_17	GUT_GENOME066135_71_17
71_18	GUT_GENOME066135_71_18
71_19	GUT_GENOME066135_71_19
71_20	GUT_GENOME066135_71_20
72_1	GUT_GENOME066135_72_1
72_2	GUT_GENOME066135_72_2
72_3	GUT_GENOME066135_72_3
72_4	GUT_GENOME066135_72_4
72_5	GUT_GENOME066135_72_5
72_6	GUT_GENOME066135_72_6
73_1	GUT_GENOME066135_73_1
73_2	GUT_GENOME066135_73_2
73_3	GUT_GENOME066135_73_3
73_4	GUT_GENOME066135_73_4
73_5	GUT_GENOME066135_73_5
73_6	GUT_GENOME066135_73_6
73_7	GUT_GENOME066135_73_7
73_8	GUT_GENOME066135_73_8
74_1	GUT_GENOME066135_74_1
74_2	GUT_GENOME066135_74_2
74_3	GUT_GENOME066135_74_3
74_4	GUT_GENOME066135_74_4
74_5	GUT_GENOME066135_74_5
74_6	GUT_GENOME066135_74_6
74_7	GUT_GENOME066135_74_7
74_8	GUT_GENOME066135_74_8
74_9	GUT_GENOME066135_74_9
74_10	GUT_GENOME066135_74_10
75_1	GUT_GENOME066135_75_1
75_2	GUT_GENOME066135_75_2
75_3	GUT_GENOME066135_75_3
75_4	GUT_GENOME066135_75_4
75_5	GUT_GENOME066135_75_5
75_6	GUT_GENOME066135_75_6
75_7	GUT_GENOME066135_75_7
76_1	GUT_GENOME066135_76_1
76_2	GUT_GENOME066135_76_2
76_3	GUT_GENOME066135_76_3
76_4	GUT_GENOME066135_76_4
76_5	GUT_GENOME066135_76_5
76_6	GUT_GENOME066135_76_6
77_1	GUT_GENOME066135_77_1
77_2	GUT_GENOME066135_77_2
77_3	GUT_GENOME066135_77_3
77_4	GUT_GENOME066135_77_4
77_5	GUT_GENOME066135_77_5
77_6	GUT_GENOME066135_77_6
78_1	GUT_GENOME066135_78_1
78_2	GUT_GENOME066135_78_2
78_3	GUT_GENOME066135_78_3
78_4	GUT_GENOME066135_78_4
78_5	GUT_GENOME066135_78_5
78_6	GUT_GENOME066135_78_6
78_7	GUT_GENOME066135_78_7
78_8	GUT_GENOME066135_78_8
78_9	GUT_GENOME066135_78_9
79_1	GUT_GENOME066135_79_1
79_2	GUT_GENOME066135_79_2
79_3	GUT_GENOME066135_79_3
79_4	GUT_GENOME066135_79_4
79_5	GUT_GENOME066135_79_5
79_6	GUT_GENOME066135_79_6
79_7	GUT_GENOME066135_79_7
79_8	GUT_GENOME066135_79_8
80_1	GUT_GENOME066135_80_1
80_2	GUT_GENOME066135_80_2
80_3	GUT_GENOME066135_80_3
80_4	GUT_GENOME066135_80_4
80_5	GUT_GENOME066135_80_5
81_1	GUT_GENOME066135_81_1
81_2	GUT_GENOME066135_81_2
81_3	GUT_GENOME066135_81_3
81_4	GUT_GENOME066135_81_4
81_5	GUT_GENOME066135_81_5
81_6	GUT_GENOME066135_81_6
81_7	GUT_GENOME066135_81_7
82_1	GUT_GENOME066135_82_1
82_2	GUT_GENOME066135_82_2
82_3	GUT_GENOME066135_82_3
82_4	GUT_GENOME066135_82_4
82_5	GUT_GENOME066135_82_5
82_6	GUT_GENOME066135_82_6
82_7	GUT_GENOME066135_82_7
82_8	GUT_GENOME066135_82_8
83_1	GUT_GENOME066135_83_1
83_2	GUT_GENOME066135_83_2
83_3	GUT_GENOME066135_83_3
83_4	GUT_GENOME066135_83_4
83_5	GUT_GENOME066135_83_5
83_6	GUT_GENOME066135_83_6
83_7	GUT_GENOME066135_83_7
84_1	GUT_GENOME066135_84_1
84_2	GUT_GENOME066135_84_2
84_3	GUT_GENOME066135_84_3
84_4	GUT_GENOME066135_84_4
84_5	GUT_GENOME066135_84_5
84_6	GUT_GENOME066135_84_6
84_7	GUT_GENOME066135_84_7
84_8	GUT_GENOME066135_84_8
85_1	GUT_GENOME066135_85_1
85_2	GUT_GENOME066135_85_2
85_3	GUT_GENOME066135_85_3
85_4	GUT_GENOME066135_85_4
85_5	GUT_GENOME066135_85_5
85_6	GUT_GENOME066135_85_6
86_1	GUT_GENOME066135_86_1
86_2	GUT_GENOME066135_86_2
86_3	GUT_GENOME066135_86_3
86_4	GUT_GENOME066135_86_4
86_5	GUT_GENOME066135_86_5
86_6	GUT_GENOME066135_86_6
86_7	GUT_GENOME066135_86_7
86_8	GUT_GENOME066135_86_8
87_1	GUT_GENOME066135_87_1
87_2	GUT_GENOME066135_87_2
87_3	GUT_GENOME066135_87_3
87_4	GUT_GENOME066135_87_4
87_5	GUT_GENOME066135_87_5
87_6	GUT_GENOME066135_87_6
87_7	GUT_GENOME066135_87_7
88_1	GUT_GENOME066135_88_1
88_2	GUT_GENOME066135_88_2
88_3	GUT_GENOME066135_88_3
88_4	GUT_GENOME066135_88_4
88_5	GUT_GENOME066135_88_5
88_6	GUT_GENOME066135_88_6
88_7	GUT_GENOME066135_88_7
88_8	GUT_GENOME066135_88_8
88_9	GUT_GENOME066135_88_9
88_10	GUT_GENOME066135_88_10
89_1	GUT_GENOME066135_89_1
89_2	GUT_GENOME066135_89_2
89_3	GUT_GENOME066135_89_3
89_4	GUT_GENOME066135_89_4
89_5	GUT_GENOME066135_89_5
89_6	GUT_GENOME066135_89_6
89_7	GUT_GENOME066135_89_7
90_1	GUT_GENOME066135_90_1
90_2	GUT_GENOME066135_90_2
90_3	GUT_GENOME066135_90_3
90_4	GUT_GENOME066135_90_4
90_5	GUT_GENOME066135_90_5
90_6	GUT_GENOME066135_90_6
91_1	GUT_GENOME066135_91_1
91_2	GUT_GENOME066135_91_2
91_3	GUT_GENOME066135_91_3
91_4	GUT_GENOME066135_91_4
91_5	GUT_GENOME066135_91_5
91_6	GUT_GENOME066135_91_6
91_7	GUT_GENOME066135_91_7
91_8	GUT_GENOME066135_91_8
91_9	GUT_GENOME066135_91_9
92_1	GUT_GENOME066135_92_1
92_2	GUT_GENOME066135_92_2
92_3	GUT_GENOME066135_92_3
92_4	GUT_GENOME066135_92_4
92_5	GUT_GENOME066135_92_5
92_6	GUT_GENOME066135_92_6
92_7	GUT_GENOME066135_92_7
93_1	GUT_GENOME066135_93_1
93_2	GUT_GENOME066135_93_2
93_3	GUT_GENOME066135_93_3
93_4	GUT_GENOME066135_93_4
93_5	GUT_GENOME066135_93_5
93_6	GUT_GENOME066135_93_6
93_7	GUT_GENOME066135_93_7
93_8	GUT_GENOME066135_93_8
93_9	GUT_GENOME066135_93_9
94_1	GUT_GENOME066135_94_1
94_2	GUT_GENOME066135_94_2
94_3	GUT_GENOME066135_94_3
94_4	GUT_GENOME066135_94_4
94_5	GUT_GENOME066135_94_5
95_1	GUT_GENOME066135_95_1
95_2	GUT_GENOME066135_95_2
95_3	GUT_GENOME066135_95_3
95_4	GUT_GENOME066135_95_4
95_5	GUT_GENOME066135_95_5
96_1	GUT_GENOME066135_96_1
96_2	GUT_GENOME066135_96_2
96_3	GUT_GENOME066135_96_3
96_4	GUT_GENOME066135_96_4
96_5	GUT_GENOME066135_96_5
96_6	GUT_GENOME066135_96_6
96_7	GUT_GENOME066135_96_7
97_1	GUT_GENOME066135_97_1
97_2	GUT_GENOME066135_97_2
97_3	GUT_GENOME066135_97_3
98_1	GUT_GENOME066135_98_1
98_2	GUT_GENOME066135_98_2
98_3	GUT_GENOME066135_98_3
98_4	GUT_GENOME066135_98_4
98_5	GUT_GENOME066135_98_5
98_6	GUT_GENOME066135_98_6
98_7	GUT_GENOME066135_98_7
98_8	GUT_GENOME066135_98_8
99_1	GUT_GENOME066135_99_1
99_2	GUT_GENOME066135_99_2
99_3	GUT_GENOME066135_99_3
99_4	GUT_GENOME066135_99_4
99_5	GUT_GENOME066135_99_5
99_6	GUT_GENOME066135_99_6
99_7	GUT_GENOME066135_99_7
99_8	GUT_GENOME066135_99_8
100_1	GUT_GENOME066135_100_1
100_2	GUT_GENOME066135_100_2
100_3	GUT_GENOME066135_100_3
100_4	GUT_GENOME066135_100_4
100_5	GUT_GENOME066135_100_5
100_6	GUT_GENOME066135_100_6
101_1	GUT_GENOME066135_101_1
101_2	GUT_GENOME066135_101_2
101_3	GUT_GENOME066135_101_3
101_4	GUT_GENOME066135_101_4
101_5	GUT_GENOME066135_101_5
101_6	GUT_GENOME066135_101_6
102_1	GUT_GENOME066135_102_1
102_2	GUT_GENOME066135_102_2
102_3	GUT_GENOME066135_102_3
102_4	GUT_GENOME066135_102_4
102_5	GUT_GENOME066135_102_5
103_1	GUT_GENOME066135_103_1
103_2	GUT_GENOME066135_103_2
103_3	GUT_GENOME066135_103_3
103_4	GUT_GENOME066135_103_4
103_5	GUT_GENOME066135_103_5
103_6	GUT_GENOME066135_103_6
104_1	GUT_GENOME066135_104_1
104_2	GUT_GENOME066135_104_2
104_3	GUT_GENOME066135_104_3
104_4	GUT_GENOME066135_104_4
104_5	GUT_GENOME066135_104_5
105_1	GUT_GENOME066135_105_1
105_2	GUT_GENOME066135_105_2
105_3	GUT_GENOME066135_105_3
105_4	GUT_GENOME066135_105_4
105_5	GUT_GENOME066135_105_5
105_6	GUT_GENOME066135_105_6
105_7	GUT_GENOME066135_105_7
105_8	GUT_GENOME066135_105_8
106_1	GUT_GENOME066135_106_1
106_2	GUT_GENOME066135_106_2
106_3	GUT_GENOME066135_106_3
106_4	GUT_GENOME066135_106_4
106_5	GUT_GENOME066135_106_5
106_6	GUT_GENOME066135_106_6
106_7	GUT_GENOME066135_106_7
107_1	GUT_GENOME066135_107_1
107_2	GUT_GENOME066135_107_2
107_3	GUT_GENOME066135_107_3
107_4	GUT_GENOME066135_107_4
107_5	GUT_GENOME066135_107_5
108_1	GUT_GENOME066135_108_1
108_2	GUT_GENOME066135_108_2
108_3	GUT_GENOME066135_108_3
108_4	GUT_GENOME066135_108_4
108_5	GUT_GENOME066135_108_5
108_6	GUT_GENOME066135_108_6
108_7	GUT_GENOME066135_108_7
109_1	GUT_GENOME066135_109_1
109_2	GUT_GENOME066135_109_2
109_3	GUT_GENOME066135_109_3
109_4	GUT_GENOME066135_109_4
109_5	GUT_GENOME066135_109_5
109_6	GUT_GENOME066135_109_6
110_1	GUT_GENOME066135_110_1
110_2	GUT_GENOME066135_110_2
110_3	GUT_GENOME066135_110_3
110_4	GUT_GENOME066135_110_4
110_5	GUT_GENOME066135_110_5
110_6	GUT_GENOME066135_110_6
110_7	GUT_GENOME066135_110_7
110_8	GUT_GENOME066135_110_8
111_1	GUT_GENOME066135_111_1
111_2	GUT_GENOME066135_111_2
111_3	GUT_GENOME066135_111_3
111_4	GUT_GENOME066135_111_4
111_5	GUT_GENOME066135_111_5
111_6	GUT_GENOME066135_111_6
112_1	GUT_GENOME066135_112_1
112_2	GUT_GENOME066135_112_2
112_3	GUT_GENOME066135_112_3
112_4	GUT_GENOME066135_112_4
112_5	GUT_GENOME066135_112_5
112_6	GUT_GENOME066135_112_6
113_1	GUT_GENOME066135_113_1
113_2	GUT_GENOME066135_113_2
113_3	GUT_GENOME066135_113_3
113_4	GUT_GENOME066135_113_4
113_5	GUT_GENOME066135_113_5
113_6	GUT_GENOME066135_113_6
113_7	GUT_GENOME066135_113_7
113_8	GUT_GENOME066135_113_8
114_1	GUT_GENOME066135_114_1
114_2	GUT_GENOME066135_114_2
114_3	GUT_GENOME066135_114_3
114_4	GUT_GENOME066135_114_4
114_5	GUT_GENOME066135_114_5
114_6	GUT_GENOME066135_114_6
115_1	GUT_GENOME066135_115_1
115_2	GUT_GENOME066135_115_2
115_3	GUT_GENOME066135_115_3
115_4	GUT_GENOME066135_115_4
115_5	GUT_GENOME066135_115_5
116_1	GUT_GENOME066135_116_1
116_2	GUT_GENOME066135_116_2
116_3	GUT_GENOME066135_116_3
117_1	GUT_GENOME066135_117_1
118_1	GUT_GENOME066135_118_1
118_2	GUT_GENOME066135_118_2
118_3	GUT_GENOME066135_118_3
118_4	GUT_GENOME066135_118_4
119_1	GUT_GENOME066135_119_1
119_2	GUT_GENOME066135_119_2
119_3	GUT_GENOME066135_119_3
119_4	GUT_GENOME066135_119_4
119_5	GUT_GENOME066135_119_5
120_1	GUT_GENOME066135_120_1
120_2	GUT_GENOME066135_120_2
120_3	GUT_GENOME066135_120_3
120_4	GUT_GENOME066135_120_4
120_5	GUT_GENOME066135_120_5
121_1	GUT_GENOME066135_121_1
121_2	GUT_GENOME066135_121_2
121_3	GUT_GENOME066135_121_3
121_4	GUT_GENOME066135_121_4
122_1	GUT_GENOME066135_122_1
122_2	GUT_GENOME066135_122_2
122_3	GUT_GENOME066135_122_3
122_4	GUT_GENOME066135_122_4
122_5	GUT_GENOME066135_122_5
122_6	GUT_GENOME066135_122_6
123_1	GUT_GENOME066135_123_1
123_2	GUT_GENOME066135_123_2
123_3	GUT_GENOME066135_123_3
123_4	GUT_GENOME066135_123_4
124_1	GUT_GENOME066135_124_1
124_2	GUT_GENOME066135_124_2
124_3	GUT_GENOME066135_124_3
124_4	GUT_GENOME066135_124_4
125_1	GUT_GENOME066135_125_1
125_2	GUT_GENOME066135_125_2
125_3	GUT_GENOME066135_125_3
125_4	GUT_GENOME066135_125_4
125_5	GUT_GENOME066135_125_5
125_6	GUT_GENOME066135_125_6
125_7	GUT_GENOME066135_125_7
125_8	GUT_GENOME066135_125_8
126_1	GUT_GENOME066135_126_1
126_2	GUT_GENOME066135_126_2
126_3	GUT_GENOME066135_126_3
126_4	GUT_GENOME066135_126_4
126_5	GUT_GENOME066135_126_5
126_6	GUT_GENOME066135_126_6
126_7	GUT_GENOME066135_126_7
127_1	GUT_GENOME066135_127_1
127_2	GUT_GENOME066135_127_2
127_3	GUT_GENOME066135_127_3
128_1	GUT_GENOME066135_128_1
128_2	GUT_GENOME066135_128_2
128_3	GUT_GENOME066135_128_3
128_4	GUT_GENOME066135_128_4
129_1	GUT_GENOME066135_129_1
129_2	GUT_GENOME066135_129_2
129_3	GUT_GENOME066135_129_3
129_4	GUT_GENOME066135_129_4
129_5	GUT_GENOME066135_129_5
130_1	GUT_GENOME066135_130_1
130_2	GUT_GENOME066135_130_2
130_3	GUT_GENOME066135_130_3
130_4	GUT_GENOME066135_130_4
130_5	GUT_GENOME066135_130_5
130_6	GUT_GENOME066135_130_6
131_1	GUT_GENOME066135_131_1
131_2	GUT_GENOME066135_131_2
131_3	GUT_GENOME066135_131_3
131_4	GUT_GENOME066135_131_4
131_5	GUT_GENOME066135_131_5
131_6	GUT_GENOME066135_131_6
131_7	GUT_GENOME066135_131_7
132_1	GUT_GENOME066135_132_1
132_2	GUT_GENOME066135_132_2
132_3	GUT_GENOME066135_132_3
132_4	GUT_GENOME066135_132_4
133_1	GUT_GENOME066135_133_1
133_2	GUT_GENOME066135_133_2
133_3	GUT_GENOME066135_133_3
133_4	GUT_GENOME066135_133_4
134_1	GUT_GENOME066135_134_1
134_2	GUT_GENOME066135_134_2
134_3	GUT_GENOME066135_134_3
134_4	GUT_GENOME066135_134_4
134_5	GUT_GENOME066135_134_5
134_6	GUT_GENOME066135_134_6
135_1	GUT_GENOME066135_135_1
135_2	GUT_GENOME066135_135_2
135_3	GUT_GENOME066135_135_3
135_4	GUT_GENOME066135_135_4
136_1	GUT_GENOME066135_136_1
136_2	GUT_GENOME066135_136_2
136_3	GUT_GENOME066135_136_3
136_4	GUT_GENOME066135_136_4
137_1	GUT_GENOME066135_137_1
138_1	GUT_GENOME066135_138_1
138_2	GUT_GENOME066135_138_2
139_1	GUT_GENOME066135_139_1
139_2	GUT_GENOME066135_139_2
139_3	GUT_GENOME066135_139_3
139_4	GUT_GENOME066135_139_4
140_1	GUT_GENOME066135_140_1
140_2	GUT_GENOME066135_140_2
140_3	GUT_GENOME066135_140_3
141_1	GUT_GENOME066135_141_1
141_2	GUT_GENOME066135_141_2
142_1	GUT_GENOME066135_142_1
142_2	GUT_GENOME066135_142_2
142_3	GUT_GENOME066135_142_3
143_1	GUT_GENOME066135_143_1
143_2	GUT_GENOME066135_143_2
143_3	GUT_GENOME066135_143_3
143_4	GUT_GENOME066135_143_4
143_5	GUT_GENOME066135_143_5
144_1	GUT_GENOME066135_144_1
144_2	GUT_GENOME066135_144_2
144_3	GUT_GENOME066135_144_3
145_1	GUT_GENOME066135_145_1
145_2	GUT_GENOME066135_145_2
145_3	GUT_GENOME066135_145_3
145_4	GUT_GENOME066135_145_4
146_1	GUT_GENOME066135_146_1
146_2	GUT_GENOME066135_146_2
146_3	GUT_GENOME066135_146_3
146_4	GUT_GENOME066135_146_4
147_1	GUT_GENOME066135_147_1
147_2	GUT_GENOME066135_147_2
147_3	GUT_GENOME066135_147_3
147_4	GUT_GENOME066135_147_4
148_1	GUT_GENOME066135_148_1
148_2	GUT_GENOME066135_148_2
149_1	GUT_GENOME066135_149_1
149_2	GUT_GENOME066135_149_2
149_3	GUT_GENOME066135_149_3
150_1	GUT_GENOME066135_150_1
150_2	GUT_GENOME066135_150_2
150_3	GUT_GENOME066135_150_3
151_1	GUT_GENOME066135_151_1
151_2	GUT_GENOME066135_151_2
151_3	GUT_GENOME066135_151_3
151_4	GUT_GENOME066135_151_4
152_1	GUT_GENOME066135_152_1
152_2	GUT_GENOME066135_152_2
152_3	GUT_GENOME066135_152_3
152_4	GUT_GENOME066135_152_4
153_1	GUT_GENOME066135_153_1
153_2	GUT_GENOME066135_153_2
153_3	GUT_GENOME066135_153_3
153_4	GUT_GENOME066135_153_4
154_1	GUT_GENOME066135_154_1
154_2	GUT_GENOME066135_154_2
154_3	GUT_GENOME066135_154_3
154_4	GUT_GENOME066135_154_4
154_5	GUT_GENOME066135_154_5
154_6	GUT_GENOME066135_154_6
155_1	GUT_GENOME066135_155_1
155_2	GUT_GENOME066135_155_2
155_3	GUT_GENOME066135_155_3
156_1	GUT_GENOME066135_156_1
156_2	GUT_GENOME066135_156_2
156_3	GUT_GENOME066135_156_3
156_4	GUT_GENOME066135_156_4
157_1	GUT_GENOME066135_157_1
157_2	GUT_GENOME066135_157_2
157_3	GUT_GENOME066135_157_3
158_1	GUT_GENOME066135_158_1
158_2	GUT_GENOME066135_158_2
158_3	GUT_GENOME066135_158_3
158_4	GUT_GENOME066135_158_4
158_5	GUT_GENOME066135_158_5
159_1	GUT_GENOME066135_159_1
159_2	GUT_GENOME066135_159_2
159_3	GUT_GENOME066135_159_3
159_4	GUT_GENOME066135_159_4
159_5	GUT_GENOME066135_159_5
160_1	GUT_GENOME066135_160_1
160_2	GUT_GENOME066135_160_2
161_1	GUT_GENOME066135_161_1
161_2	GUT_GENOME066135_161_2
162_1	GUT_GENOME066135_162_1
162_2	GUT_GENOME066135_162_2
162_3	GUT_GENOME066135_162_3
162_4	GUT_GENOME066135_162_4
163_1	GUT_GENOME066135_163_1
163_2	GUT_GENOME066135_163_2
163_3	GUT_GENOME066135_163_3
163_4	GUT_GENOME066135_163_4
163_5	GUT_GENOME066135_163_5
163_6	GUT_GENOME066135_163_6
164_1	GUT_GENOME066135_164_1
164_2	GUT_GENOME066135_164_2
165_1	GUT_GENOME066135_165_1
165_2	GUT_GENOME066135_165_2
165_3	GUT_GENOME066135_165_3
166_1	GUT_GENOME066135_166_1
166_2	GUT_GENOME066135_166_2
167_1	GUT_GENOME066135_167_1
167_2	GUT_GENOME066135_167_2
167_3	GUT_GENOME066135_167_3
167_4	GUT_GENOME066135_167_4
168_1	GUT_GENOME066135_168_1
168_2	GUT_GENOME066135_168_2
168_3	GUT_GENOME066135_168_3
169_1	GUT_GENOME066135_169_1
169_2	GUT_GENOME066135_169_2
169_3	GUT_GENOME066135_169_3
169_4	GUT_GENOME066135_169_4
170_1	GUT_GENOME066135_170_1
170_2	GUT_GENOME066135_170_2
170_3	GUT_GENOME066135_170_3
171_1	GUT_GENOME066135_171_1
171_2	GUT_GENOME066135_171_2
171_3	GUT_GENOME066135_171_3
172_1	GUT_GENOME066135_172_1
172_2	GUT_GENOME066135_172_2
172_3	GUT_GENOME066135_172_3
173_1	GUT_GENOME066135_173_1
173_2	GUT_GENOME066135_173_2
173_3	GUT_GENOME066135_173_3
173_4	GUT_GENOME066135_173_4
174_1	GUT_GENOME066135_174_1
174_2	GUT_GENOME066135_174_2
175_1	GUT_GENOME066135_175_1
175_2	GUT_GENOME066135_175_2
175_3	GUT_GENOME066135_175_3
176_1	GUT_GENOME066135_176_1
176_2	GUT_GENOME066135_176_2
176_3	GUT_GENOME066135_176_3
177_1	GUT_GENOME066135_177_1
178_1	GUT_GENOME066135_178_1
178_2	GUT_GENOME066135_178_2
178_3	GUT_GENOME066135_178_3
179_1	GUT_GENOME066135_179_1
179_2	GUT_GENOME066135_179_2
179_3	GUT_GENOME066135_179_3
179_4	GUT_GENOME066135_179_4
180_1	GUT_GENOME066135_180_1
180_2	GUT_GENOME066135_180_2
180_3	GUT_GENOME066135_180_3
181_1	GUT_GENOME066135_181_1
181_2	GUT_GENOME066135_181_2
181_3	GUT_GENOME066135_181_3
182_1	GUT_GENOME066135_182_1
182_2	GUT_GENOME066135_182_2
182_3	GUT_GENOME066135_182_3
183_1	GUT_GENOME066135_183_1
183_2	GUT_GENOME066135_183_2
183_3	GUT_GENOME066135_183_3
184_1	GUT_GENOME066135_184_1
184_2	GUT_GENOME066135_184_2
184_3	GUT_GENOME066135_184_3
185_1	GUT_GENOME066135_185_1
185_2	GUT_GENOME066135_185_2
185_3	GUT_GENOME066135_185_3
186_1	GUT_GENOME066135_186_1
186_2	GUT_GENOME066135_186_2
187_1	GUT_GENOME066135_187_1
187_2	GUT_GENOME066135_187_2
187_3	GUT_GENOME066135_187_3
188_1	GUT_GENOME066135_188_1
188_2	GUT_GENOME066135_188_2
188_3	GUT_GENOME066135_188_3
189_1	GUT_GENOME066135_189_1
189_2	GUT_GENOME066135_189_2
190_1	GUT_GENOME066135_190_1
190_2	GUT_GENOME066135_190_2
190_3	GUT_GENOME066135_190_3
190_4	GUT_GENOME066135_190_4
191_1	GUT_GENOME066135_191_1
191_2	GUT_GENOME066135_191_2
191_3	GUT_GENOME066135_191_3
192_1	GUT_GENOME066135_192_1
192_2	GUT_GENOME066135_192_2
192_3	GUT_GENOME066135_192_3
192_4	GUT_GENOME066135_192_4
192_5	GUT_GENOME066135_192_5
193_1	GUT_GENOME066135_193_1
193_2	GUT_GENOME066135_193_2
193_3	GUT_GENOME066135_193_3
193_4	GUT_GENOME066135_193_4
193_5	GUT_GENOME066135_193_5
194_1	GUT_GENOME066135_194_1
195_1	GUT_GENOME066135_195_1
195_2	GUT_GENOME066135_195_2
195_3	GUT_GENOME066135_195_3
195_4	GUT_GENOME066135_195_4
195_5	GUT_GENOME066135_195_5
196_1	GUT_GENOME066135_196_1
196_2	GUT_GENOME066135_196_2
196_3	GUT_GENOME066135_196_3
197_1	GUT_GENOME066135_197_1
197_2	GUT_GENOME066135_197_2
198_1	GUT_GENOME066135_198_1
198_2	GUT_GENOME066135_198_2
199_1	GUT_GENOME066135_199_1
199_2	GUT_GENOME066135_199_2
199_3	GUT_GENOME066135_199_3
200_1	GUT_GENOME066135_200_1
201_1	GUT_GENOME066135_201_1
201_2	GUT_GENOME066135_201_2
201_3	GUT_GENOME066135_201_3
201_4	GUT_GENOME066135_201_4
202_1	GUT_GENOME066135_202_1
203_1	GUT_GENOME066135_203_1
203_2	GUT_GENOME066135_203_2
204_1	GUT_GENOME066135_204_1
204_2	GUT_GENOME066135_204_2
204_3	GUT_GENOME066135_204_3
205_1	GUT_GENOME066135_205_1
206_1	GUT_GENOME066135_206_1
206_2	GUT_GENOME066135_206_2
206_3	GUT_GENOME066135_206_3
207_1	GUT_GENOME066135_207_1
207_2	GUT_GENOME066135_207_2
207_3	GUT_GENOME066135_207_3
